"task_id","library","backend","operation","N","d","m","batch_size","error_type","reason"
"69d4ef0f3ecefa82c96ba485b78a7711d60b179b30c60b4e63774ead4ac7460b","log-signatures-pytorch","cpu","signature","10000","16","3","256","BenchmarkWorkerOOM","log-signatures-pytorch: worker received SIGKILL, likely due to OOM
Running as unit: run-u3.service; invocation ID: 6a18e9f66c794c2ab76e3b056b07de74
Finished with result: oom-kill
Main processes terminated with: code=exited/status=137
Service runtime: 45.218s
CPU time consumed: 2min 21.005s
Memory peak: 16.0G
Memory swap peak: 0B"
"55401ae0551b9259f6ea7a16feec483e9f2ee769a9a785a82d8c353f8d24eedf","log-signatures-pytorch","cpu","sig_backprop","10000","16","3","256","BenchmarkWorkerOOM","log-signatures-pytorch: worker received SIGKILL, likely due to OOM
Running as unit: run-u3.service; invocation ID: 6a18e9f66c794c2ab76e3b056b07de74
Finished with result: oom-kill
Main processes terminated with: code=exited/status=137
Service runtime: 45.218s
CPU time consumed: 2min 21.005s
Memory peak: 16.0G
Memory swap peak: 0B
Running as unit: run-u4.service; invocation ID: 47db84701de04fc180969855c244af95
Finished with result: oom-kill
Main processes terminated with: code=exited/status=137
Service runtime: 38.264s
CPU time consumed: 2min 3.293s
Memory peak: 16.0G
Memory swap peak: 0B"
"7a5b894a8a15d546a3d0b73b404b2ae93d338594c859b3a99e3f6a45c6786690","log-signatures-pytorch","gpu","sig_backprop","10000","8","3","256","RuntimeError","log-signatures-pytorch: adapter task failed: CUDA out of memory. Tried to allocate 4.88 GiB. GPU 0 has a total capacity of 8.00 GiB of which 0 bytes is free. Including non-PyTorch memory, this process has 17179869184.00 GiB memory in use. Of the allocated memory 18.21 GiB is allocated by PyTorch, with 6.69 GiB allocated in private pools (e.g., CUDA Graphs), and 14.15 MiB is reserved by PyTorch but unallocated. If reserved but unallocated memory is large try setting PYTORCH_CUDA_ALLOC_CONF=expandable_segments:True to avoid fragmentation.  See documentation for Memory Management  (https://docs.pytorch.org/docs/stable/notes/cuda.html#optimizing-memory-usage-with-pytorch-cuda-alloc-conf)
Traceback (most recent call last):
  File ""/mnt/c/Users/Shmelev/source/repos/pySigLib-Benchmarks/src/python_adapter_worker.py"", line 79, in main
    result = adapter_class(config)._run_benchmark()
             ^^^^^^^^^^^^^^^^^^^^^^^^^^^^^^^^^^^^^^
  File ""/mnt/c/Users/Shmelev/source/repos/pySigLib-Benchmarks/adapters/python/run_log_signatures_pytorch.py"", line 132, in _run_benchmark
    t_ms, alloc_bytes, samples_ms = self.manual_timing_loop(kernel)
                                    ^^^^^^^^^^^^^^^^^^^^^^^^^^^^^^^
  File ""/mnt/c/Users/Shmelev/source/repos/pySigLib-Benchmarks/src/common/adapter.py"", line 250, in manual_timing_loop
    invoke(""warmup"", iteration)
  File ""/mnt/c/Users/Shmelev/source/repos/pySigLib-Benchmarks/src/common/adapter.py"", line 236, in invoke
    func()
  File ""/mnt/c/Users/Shmelev/source/repos/pySigLib-Benchmarks/adapters/python/run_log_signatures_pytorch.py"", line 53, in synchronized
    result = function(path)
             ^^^^^^^^^^^^^^
  File ""/mnt/c/Users/Shmelev/source/repos/pySigLib-Benchmarks/.venv/lib/python3.12/site-packages/torch/_dynamo/eval_frame.py"", line 1047, in compile_wrapper
    result = fn(*args, **kwargs)
             ^^^^^^^^^^^^^^^^^^^
  File ""/mnt/c/Users/Shmelev/source/repos/pySigLib-Benchmarks/adapters/python/run_log_signatures_pytorch.py"", line 90, in <lambda>
    return self._prepare(lambda cotangent_arg: pullback(cotangent_arg)[0], cotangent)
                                               ^^^^^^^^^^^^^^^^^^^^^^^
  File ""/mnt/c/Users/Shmelev/source/repos/pySigLib-Benchmarks/.venv/lib/python3.12/site-packages/torch/_functorch/eager_transforms.py"", line 468, in wrapper
    result = _autograd_grad(
             ^^^^^^^^^^^^^^^
  File ""/mnt/c/Users/Shmelev/source/repos/pySigLib-Benchmarks/.venv/lib/python3.12/site-packages/torch/_functorch/eager_transforms.py"", line 175, in _autograd_grad
    grad_inputs = torch.autograd.grad(
                  ^^^^^^^^^^^^^^^^^^^^
  File ""/mnt/c/Users/Shmelev/source/repos/pySigLib-Benchmarks/.venv/lib/python3.12/site-packages/torch/autograd/__init__.py"", line 530, in grad
    result = _engine_run_backward(
             ^^^^^^^^^^^^^^^^^^^^^
  File ""/mnt/c/Users/Shmelev/source/repos/pySigLib-Benchmarks/.venv/lib/python3.12/site-packages/torch/autograd/graph.py"", line 882, in _engine_run_backward
    return Variable._execution_engine.run_backward(  # Calls into the C++ engine to run the backward pass
           ^^^^^^^^^^^^^^^^^^^^^^^^^^^^^^^^^^^^^^^^^^^^^^^^^^^^^^^^^^^^^^^^^^^^^^^^^^^^^^^^^^^^^^^^^^^^^^
torch.OutOfMemoryError: CUDA out of memory. Tried to allocate 4.88 GiB. GPU 0 has a total capacity of 8.00 GiB of which 0 bytes is free. Including non-PyTorch memory, this process has 17179869184.00 GiB memory in use. Of the allocated memory 18.21 GiB is allocated by PyTorch, with 6.69 GiB allocated in private pools (e.g., CUDA Graphs), and 14.15 MiB is reserved by PyTorch but unallocated. If reserved but unallocated memory is large try setting PYTORCH_CUDA_ALLOC_CONF=expandable_segments:True to avoid fragmentation.  See documentation for Memory Management  (https://docs.pytorch.org/docs/stable/notes/cuda.html#optimizing-memory-usage-with-pytorch-cuda-alloc-conf)
"
"0a44a53a7c5b7a1df844d879be2d6978bd69c8272a5cd2609f9107336d1313bb","log-signatures-pytorch","gpu","signature","10000","16","3","256","RuntimeError","log-signatures-pytorch: adapter task failed: CUDA out of memory. Tried to allocate 39.06 GiB. GPU 0 has a total capacity of 8.00 GiB of which 0 bytes is free. Including non-PyTorch memory, this process has 17179869184.00 GiB memory in use. Of the allocated memory 7.66 GiB is allocated by PyTorch, with 2.48 GiB allocated in private pools (e.g., CUDA Graphs), and 10.39 GiB is reserved by PyTorch but unallocated. If reserved but unallocated memory is large try setting PYTORCH_CUDA_ALLOC_CONF=expandable_segments:True to avoid fragmentation.  See documentation for Memory Management  (https://docs.pytorch.org/docs/stable/notes/cuda.html#optimizing-memory-usage-with-pytorch-cuda-alloc-conf)
Traceback (most recent call last):
  File ""/mnt/c/Users/Shmelev/source/repos/pySigLib-Benchmarks/src/python_adapter_worker.py"", line 79, in main
    result = adapter_class(config)._run_benchmark()
             ^^^^^^^^^^^^^^^^^^^^^^^^^^^^^^^^^^^^^^
  File ""/mnt/c/Users/Shmelev/source/repos/pySigLib-Benchmarks/adapters/python/run_log_signatures_pytorch.py"", line 132, in _run_benchmark
    t_ms, alloc_bytes, samples_ms = self.manual_timing_loop(kernel)
                                    ^^^^^^^^^^^^^^^^^^^^^^^^^^^^^^^
  File ""/mnt/c/Users/Shmelev/source/repos/pySigLib-Benchmarks/src/common/adapter.py"", line 250, in manual_timing_loop
    invoke(""warmup"", iteration)
  File ""/mnt/c/Users/Shmelev/source/repos/pySigLib-Benchmarks/src/common/adapter.py"", line 236, in invoke
    func()
  File ""/mnt/c/Users/Shmelev/source/repos/pySigLib-Benchmarks/adapters/python/run_log_signatures_pytorch.py"", line 53, in synchronized
    result = function(path)
             ^^^^^^^^^^^^^^
  File ""/mnt/c/Users/Shmelev/source/repos/pySigLib-Benchmarks/.venv/lib/python3.12/site-packages/torch/_dynamo/eval_frame.py"", line 1047, in compile_wrapper
    result = fn(*args, **kwargs)
             ^^^^^^^^^^^^^^^^^^^
  File ""/mnt/c/Users/Shmelev/source/repos/pySigLib-Benchmarks/adapters/python/run_log_signatures_pytorch.py"", line 63, in <lambda>
    lambda path_arg: self.signature(path_arg, depth=m),
  File ""/mnt/c/Users/Shmelev/source/repos/pySigLib-Benchmarks/.venv/lib/python3.12/site-packages/torch/_dynamo/eval_frame.py"", line 1298, in _fn
    return fn(*args, **kwargs)
           ^^^^^^^^^^^^^^^^^^^
  File ""/mnt/c/Users/Shmelev/source/repos/pySigLib-Benchmarks/.venv/lib/python3.12/site-packages/torch/_functorch/aot_autograd.py"", line 1273, in forward
    return compiled_fn(full_args)
           ^^^^^^^^^^^^^^^^^^^^^^
  File ""/mnt/c/Users/Shmelev/source/repos/pySigLib-Benchmarks/.venv/lib/python3.12/site-packages/torch/_functorch/_aot_autograd/runtime_wrappers.py"", line 777, in runtime_wrapper
    all_outs = compiled_invoker.run(args, on_before_call=exit_prologue)
               ^^^^^^^^^^^^^^^^^^^^^^^^^^^^^^^^^^^^^^^^^^^^^^^^^^^^^^^^
  File ""/mnt/c/Users/Shmelev/source/repos/pySigLib-Benchmarks/.venv/lib/python3.12/site-packages/torch/_functorch/_aot_autograd/runtime_wrappers.py"", line 523, in run
    return call_func_at_runtime_with_args(
           ^^^^^^^^^^^^^^^^^^^^^^^^^^^^^^^
  File ""/mnt/c/Users/Shmelev/source/repos/pySigLib-Benchmarks/.venv/lib/python3.12/site-packages/torch/_functorch/_aot_autograd/utils.py"", line 126, in call_func_at_runtime_with_args
    out = normalize_as_list(f(args))
                            ^^^^^^^
  File ""/mnt/c/Users/Shmelev/source/repos/pySigLib-Benchmarks/.venv/lib/python3.12/site-packages/torch/_functorch/_aot_autograd/runtime_wrappers.py"", line 2384, in __call__
    return self.compiled_fn(*args, **kwargs)
           ^^^^^^^^^^^^^^^^^^^^^^^^^^^^^^^^^
  File ""/mnt/c/Users/Shmelev/source/repos/pySigLib-Benchmarks/.venv/lib/python3.12/site-packages/torch/_functorch/_aot_autograd/runtime_wrappers.py"", line 850, in wrapper
    return compiled_fn(runtime_args)
           ^^^^^^^^^^^^^^^^^^^^^^^^^
  File ""/mnt/c/Users/Shmelev/source/repos/pySigLib-Benchmarks/.venv/lib/python3.12/site-packages/torch/_functorch/_aot_autograd/runtime_wrappers.py"", line 1055, in inner_fn
    outs = compiled_fn(args)
           ^^^^^^^^^^^^^^^^^
  File ""/mnt/c/Users/Shmelev/source/repos/pySigLib-Benchmarks/.venv/lib/python3.12/site-packages/torch/_inductor/output_code.py"", line 725, in __call__
    return self.current_callable(inputs)
           ^^^^^^^^^^^^^^^^^^^^^^^^^^^^^
  File ""/tmp/torchinductor_shmelev/oz/cozfaoo3b7nzweyeqh4bmis5i2knql2u3pexsgpj2ska622nwmdh.py"", line 734, in call
    (buf7,) = self.partitions[0](partition0_args)
              ^^^^^^^^^^^^^^^^^^^^^^^^^^^^^^^^^^^
  File ""/mnt/c/Users/Shmelev/source/repos/pySigLib-Benchmarks/.venv/lib/python3.12/site-packages/torch/_inductor/compile_fx.py"", line 1913, in run
    return compiled_fn(new_inputs)  # type: ignore[arg-type]
           ^^^^^^^^^^^^^^^^^^^^^^^
  File ""/mnt/c/Users/Shmelev/source/repos/pySigLib-Benchmarks/.venv/lib/python3.12/site-packages/torch/_inductor/cudagraph_trees.py"", line 446, in deferred_cudagraphify
    fn, out = cudagraphify(model, inputs, new_static_input_idxs, *args, **kwargs)
              ^^^^^^^^^^^^^^^^^^^^^^^^^^^^^^^^^^^^^^^^^^^^^^^^^^^^^^^^^^^^^^^^^^^
  File ""/mnt/c/Users/Shmelev/source/repos/pySigLib-Benchmarks/.venv/lib/python3.12/site-packages/torch/_inductor/cudagraph_trees.py"", line 506, in cudagraphify
    return manager.add_function(
           ^^^^^^^^^^^^^^^^^^^^^
  File ""/mnt/c/Users/Shmelev/source/repos/pySigLib-Benchmarks/.venv/lib/python3.12/site-packages/torch/_inductor/cudagraph_trees.py"", line 2490, in add_function
    return fn, fn(inputs)
               ^^^^^^^^^^
  File ""/mnt/c/Users/Shmelev/source/repos/pySigLib-Benchmarks/.venv/lib/python3.12/site-packages/torch/_inductor/cudagraph_trees.py"", line 2158, in run
    out = self._run(new_inputs, function_id)
          ^^^^^^^^^^^^^^^^^^^^^^^^^^^^^^^^^^
  File ""/mnt/c/Users/Shmelev/source/repos/pySigLib-Benchmarks/.venv/lib/python3.12/site-packages/torch/_inductor/cudagraph_trees.py"", line 2256, in _run
    return self.run_eager(new_inputs, function_id)
           ^^^^^^^^^^^^^^^^^^^^^^^^^^^^^^^^^^^^^^^
  File ""/mnt/c/Users/Shmelev/source/repos/pySigLib-Benchmarks/.venv/lib/python3.12/site-packages/torch/_inductor/cudagraph_trees.py"", line 2448, in run_eager
    return node.run(new_inputs)
           ^^^^^^^^^^^^^^^^^^^^
  File ""/mnt/c/Users/Shmelev/source/repos/pySigLib-Benchmarks/.venv/lib/python3.12/site-packages/torch/_inductor/cudagraph_trees.py"", line 750, in run
    out = self.wrapped_function.model(new_inputs)
          ^^^^^^^^^^^^^^^^^^^^^^^^^^^^^^^^^^^^^^^
  File ""/tmp/torchinductor_shmelev/oz/cozfaoo3b7nzweyeqh4bmis5i2knql2u3pexsgpj2ska622nwmdh.py"", line 699, in partition_0
    buf5 = empty_strided_cuda((256, 9999, 16, 16, 16), (40955904, 4096, 256, 16, 1), torch.float32)
           ^^^^^^^^^^^^^^^^^^^^^^^^^^^^^^^^^^^^^^^^^^^^^^^^^^^^^^^^^^^^^^^^^^^^^^^^^^^^^^^^^^^^^^^^
torch.OutOfMemoryError: CUDA out of memory. Tried to allocate 39.06 GiB. GPU 0 has a total capacity of 8.00 GiB of which 0 bytes is free. Including non-PyTorch memory, this process has 17179869184.00 GiB memory in use. Of the allocated memory 7.66 GiB is allocated by PyTorch, with 2.48 GiB allocated in private pools (e.g., CUDA Graphs), and 10.39 GiB is reserved by PyTorch but unallocated. If reserved but unallocated memory is large try setting PYTORCH_CUDA_ALLOC_CONF=expandable_segments:True to avoid fragmentation.  See documentation for Memory Management  (https://docs.pytorch.org/docs/stable/notes/cuda.html#optimizing-memory-usage-with-pytorch-cuda-alloc-conf)
"
"ae45f73c81225d260ad1f162b08573bae76be2fca74ccd1d969f6c250034c6df","log-signatures-pytorch","gpu","sig_backprop","10000","16","3","256","RuntimeError","log-signatures-pytorch: adapter task failed: CUDA out of memory. Tried to allocate 39.05 GiB. GPU 0 has a total capacity of 8.00 GiB of which 956.00 MiB is free. Including non-PyTorch memory, this process has 17179869184.00 GiB memory in use. Of the allocated memory 5.95 GiB is allocated by PyTorch, and 28.09 MiB is reserved by PyTorch but unallocated. If reserved but unallocated memory is large try setting PYTORCH_CUDA_ALLOC_CONF=expandable_segments:True to avoid fragmentation.  See documentation for Memory Management  (https://docs.pytorch.org/docs/stable/notes/cuda.html#optimizing-memory-usage-with-pytorch-cuda-alloc-conf)
Traceback (most recent call last):
  File ""/mnt/c/Users/Shmelev/source/repos/pySigLib-Benchmarks/src/python_adapter_worker.py"", line 79, in main
    result = adapter_class(config)._run_benchmark()
             ^^^^^^^^^^^^^^^^^^^^^^^^^^^^^^^^^^^^^^
  File ""/mnt/c/Users/Shmelev/source/repos/pySigLib-Benchmarks/adapters/python/run_log_signatures_pytorch.py"", line 122, in _run_benchmark
    kernel = self.run_sig_backprop(path, self.d, self.m)
             ^^^^^^^^^^^^^^^^^^^^^^^^^^^^^^^^^^^^^^^^^^^
  File ""/mnt/c/Users/Shmelev/source/repos/pySigLib-Benchmarks/adapters/python/run_log_signatures_pytorch.py"", line 81, in run_sig_backprop
    output, pullback = self.torch.func.vjp(
                       ^^^^^^^^^^^^^^^^^^^^
  File ""/mnt/c/Users/Shmelev/source/repos/pySigLib-Benchmarks/.venv/lib/python3.12/site-packages/torch/_functorch/eager_transforms.py"", line 335, in vjp
    return _vjp_with_argnums(func, *primals, has_aux=has_aux)
           ^^^^^^^^^^^^^^^^^^^^^^^^^^^^^^^^^^^^^^^^^^^^^^^^^^
  File ""/mnt/c/Users/Shmelev/source/repos/pySigLib-Benchmarks/.venv/lib/python3.12/site-packages/torch/_functorch/vmap.py"", line 56, in fn
    return f(*args, **kwargs)
           ^^^^^^^^^^^^^^^^^^
  File ""/mnt/c/Users/Shmelev/source/repos/pySigLib-Benchmarks/.venv/lib/python3.12/site-packages/torch/_functorch/eager_transforms.py"", line 413, in _vjp_with_argnums
    primals_out = func(*primals)
                  ^^^^^^^^^^^^^^
  File ""/mnt/c/Users/Shmelev/source/repos/pySigLib-Benchmarks/adapters/python/run_log_signatures_pytorch.py"", line 82, in <lambda>
    lambda path_arg: self.signature(path_arg, depth=m),
                     ^^^^^^^^^^^^^^^^^^^^^^^^^^^^^^^^^
  File ""/mnt/c/Users/Shmelev/source/repos/pySigLib-Benchmarks/.adapter_packages/log-signatures-pytorch-074f4d308a710502/log_signatures_pytorch/signature.py"", line 79, in signature
    return _batch_signature(path, depth=depth, stream=stream)
           ^^^^^^^^^^^^^^^^^^^^^^^^^^^^^^^^^^^^^^^^^^^^^^^^^^
  File ""/mnt/c/Users/Shmelev/source/repos/pySigLib-Benchmarks/.adapter_packages/log-signatures-pytorch-074f4d308a710502/log_signatures_pytorch/signature.py"", line 513, in _batch_signature
    current = batch_sequence_tensor_product(current, path_increments[:, 1:])
              ^^^^^^^^^^^^^^^^^^^^^^^^^^^^^^^^^^^^^^^^^^^^^^^^^^^^^^^^^^^^^^
  File ""/mnt/c/Users/Shmelev/source/repos/pySigLib-Benchmarks/.adapter_packages/log-signatures-pytorch-074f4d308a710502/log_signatures_pytorch/tensor_ops.py"", line 135, in batch_sequence_tensor_product
    return _broadcast_tensor_product(x, y, shared_dims=2)
           ^^^^^^^^^^^^^^^^^^^^^^^^^^^^^^^^^^^^^^^^^^^^^^
  File ""/mnt/c/Users/Shmelev/source/repos/pySigLib-Benchmarks/.adapter_packages/log-signatures-pytorch-074f4d308a710502/log_signatures_pytorch/tensor_ops.py"", line 28, in _broadcast_tensor_product
    return x_view * y_view
           ~~~~~~~^~~~~~~~
torch.OutOfMemoryError: CUDA out of memory. Tried to allocate 39.05 GiB. GPU 0 has a total capacity of 8.00 GiB of which 956.00 MiB is free. Including non-PyTorch memory, this process has 17179869184.00 GiB memory in use. Of the allocated memory 5.95 GiB is allocated by PyTorch, and 28.09 MiB is reserved by PyTorch but unallocated. If reserved but unallocated memory is large try setting PYTORCH_CUDA_ALLOC_CONF=expandable_segments:True to avoid fragmentation.  See documentation for Memory Management  (https://docs.pytorch.org/docs/stable/notes/cuda.html#optimizing-memory-usage-with-pytorch-cuda-alloc-conf)
"
"587bc960bfa5c7c13e4cf1e1c58560b417699288576450610beaa830405afbfa","stochastax","cpu","signature","10000","16","3","256","BenchmarkWorkerOOM","stochastax: worker received SIGKILL, likely due to OOM
  File ""/mnt/c/Users/Shmelev/source/repos/pySigLib-Benchmarks/.venv/lib/python3.12/site-packages/jax/_src/xla_bridge.py"", line 487, in discover_pjrt_plugins
    plugin_module.initialize()
  File ""/mnt/c/Users/Shmelev/source/repos/pySigLib-Benchmarks/.venv/lib/python3.12/site-packages/jax_plugins/xla_cuda12/__init__.py"", line 373, in initialize
    c_api = xb.register_plugin(
            ^^^^^^^^^^^^^^^^^^^
  File ""/mnt/c/Users/Shmelev/source/repos/pySigLib-Benchmarks/.venv/lib/python3.12/site-packages/jax/_src/xla_bridge.py"", line 625, in register_plugin
    c_api = xla_client.load_pjrt_plugin_dynamically(plugin_name, library_path)
            ^^^^^^^^^^^^^^^^^^^^^^^^^^^^^^^^^^^^^^^^^^^^^^^^^^^^^^^^^^^^^^^^^^
  File ""/mnt/c/Users/Shmelev/source/repos/pySigLib-Benchmarks/.venv/lib/python3.12/site-packages/jaxlib/xla_client.py"", line 113, in load_pjrt_plugin_dynamically
    return _xla.load_pjrt_plugin(plugin_name, library_path, c_api=None)
           ^^^^^^^^^^^^^^^^^^^^^^^^^^^^^^^^^^^^^^^^^^^^^^^^^^^^^^^^^^^^
jax.errors.JaxRuntimeError: ALREADY_EXISTS: PJRT_Api already exists for device type cuda
E0731 22:42:16.088354    2503 cuda_executor.cc:1526] Could not get kernel mode driver version: (INVALID_ARGUMENT: Version does not match the format X.Y.Z)
E0731 22:42:16.103473    2432 cuda_executor.cc:1526] Could not get kernel mode driver version: (INVALID_ARGUMENT: Version does not match the format X.Y.Z)
Finished with result: oom-kill
Main processes terminated with: code=exited/status=137
Service runtime: 3min 38.576s
CPU time consumed: 14min 40.506s
Memory peak: 16.0G
Memory swap peak: 0B"
"ba38be26f5fd79a9172ac8ca57a00505c28722ea8abc6c027b59886a80d7bb0f","stochastax","cpu","sig_backprop","10000","16","3","256","BenchmarkWorkerOOM","stochastax: worker received SIGKILL, likely due to OOM
  File ""/mnt/c/Users/Shmelev/source/repos/pySigLib-Benchmarks/.venv/lib/python3.12/site-packages/jax_plugins/xla_cuda13/__init__.py"", line 373, in initialize
    c_api = xb.register_plugin(
            ^^^^^^^^^^^^^^^^^^^
  File ""/mnt/c/Users/Shmelev/source/repos/pySigLib-Benchmarks/.venv/lib/python3.12/site-packages/jax/_src/xla_bridge.py"", line 625, in register_plugin
    c_api = xla_client.load_pjrt_plugin_dynamically(plugin_name, library_path)
            ^^^^^^^^^^^^^^^^^^^^^^^^^^^^^^^^^^^^^^^^^^^^^^^^^^^^^^^^^^^^^^^^^^
  File ""/mnt/c/Users/Shmelev/source/repos/pySigLib-Benchmarks/.venv/lib/python3.12/site-packages/jaxlib/xla_client.py"", line 113, in load_pjrt_plugin_dynamically
    return _xla.load_pjrt_plugin(plugin_name, library_path, c_api=None)
           ^^^^^^^^^^^^^^^^^^^^^^^^^^^^^^^^^^^^^^^^^^^^^^^^^^^^^^^^^^^^
jax.errors.JaxRuntimeError: ALREADY_EXISTS: PJRT_Api already exists for device type cuda
E0731 22:44:47.368903    2670 cuda_executor.cc:1526] Could not get kernel mode driver version: (INVALID_ARGUMENT: Version does not match the format X.Y.Z)
E0731 22:44:47.388786    2596 cuda_executor.cc:1526] Could not get kernel mode driver version: (INVALID_ARGUMENT: Version does not match the format X.Y.Z)
/mnt/c/Users/Shmelev/source/repos/pySigLib-Benchmarks/.venv/lib/python3.12/site-packages/jax/_src/interpreters/mlir.py:1220: UserWarning: A large amount of constants were captured during lowering (3.44GB total). If this is intentional, disable this warning by setting JAX_CAPTURED_CONSTANTS_WARN_BYTES=-1. To obtain a report of where these constants were encountered, set JAX_CAPTURED_CONSTANTS_REPORT_FRAMES=-1.
  warnings.warn(message)
Finished with result: oom-kill
Main processes terminated with: code=exited/status=137
Service runtime: 35.597s
CPU time consumed: 1min 34.181s
Memory peak: 16.0G
Memory swap peak: 0B"
"f16f721540e12927143da4e5e8cd805ae318d0f7a968e568f3b0f6b63845c57b","stochastax","gpu","sig_backprop","10000","8","3","256","RuntimeError","stochastax: adapter task failed: RESOURCE_EXHAUSTED: Failed to get configs for: 2 out of 10 instructions. See logs for all failures. Example failure:
Autotuning failed for HLO: %loop_transpose_fusion.1 = f32[9998,256,8,8]{3,2,1,0} fusion(%constant.16.0, %loop_transpose_fusion, %loop_slice_fusion.4), kind=kLoop, calls=%fused_transpose.1, metadata={op_name=""jit(<lambda>)/transpose(jvp(vmap(jit(compute_path_signature))))/reduce_sum"" stack_frame_id=43}. Failed to profile configs: Out of memory while trying to allocate 4.90GiB.
Traceback (most recent call last):
  File ""/mnt/c/Users/Shmelev/source/repos/pySigLib-Benchmarks/src/python_adapter_worker.py"", line 79, in main
    result = adapter_class(config)._run_benchmark()
             ^^^^^^^^^^^^^^^^^^^^^^^^^^^^^^^^^^^^^^
  File ""/mnt/c/Users/Shmelev/source/repos/pySigLib-Benchmarks/adapters/python/run_stochastax.py"", line 299, in _run_benchmark
    t_ms, alloc_bytes, samples_ms = self.manual_timing_loop(kernel)
                                    ^^^^^^^^^^^^^^^^^^^^^^^^^^^^^^^
  File ""/mnt/c/Users/Shmelev/source/repos/pySigLib-Benchmarks/src/common/adapter.py"", line 255, in manual_timing_loop
    invoke(""warmup"", iteration)
  File ""/mnt/c/Users/Shmelev/source/repos/pySigLib-Benchmarks/src/common/adapter.py"", line 244, in invoke
    func()
  File ""/mnt/c/Users/Shmelev/source/repos/pySigLib-Benchmarks/adapters/python/run_stochastax.py"", line 72, in <lambda>
    return lambda: backprop_fn(cotangent).block_until_ready()
                   ^^^^^^^^^^^^^^^^^^^^^^
jax.errors.JaxRuntimeError: RESOURCE_EXHAUSTED: Failed to get configs for: 2 out of 10 instructions. See logs for all failures. Example failure:
Autotuning failed for HLO: %loop_transpose_fusion.1 = f32[9998,256,8,8]{3,2,1,0} fusion(%constant.16.0, %loop_transpose_fusion, %loop_slice_fusion.4), kind=kLoop, calls=%fused_transpose.1, metadata={op_name=""jit(<lambda>)/transpose(jvp(vmap(jit(compute_path_signature))))/reduce_sum"" stack_frame_id=43}. Failed to profile configs: Out of memory while trying to allocate 4.90GiB.
--------------------
For simplicity, JAX has removed its internal frames from the traceback of the following exception. Set JAX_TRACEBACK_FILTERING=off to include these.
"
"beb1a8185d7eb644e5b52adf71025b96de03369bcc239d6b9ed7392ccbe50624","stochastax","gpu","signature","10000","16","3","256","RuntimeError","stochastax: adapter task failed: INTERNAL: Autotuning failed for HLO: %loop_add_fusion.1 = f32[9998,256,16,16]{3,2,1,0} fusion(%get-tuple-element, %input_concatenate_fusion.1, %loop_slice_fusion, %loop_add_fusion.2, %loop_subtract_fusion), kind=kLoop, calls=%fused_add.1, metadata={op_name=""jit(signature_one)/vmap(jit(compute_path_signature))/add"" stack_frame_id=69}. Failed to pick best config: All configs failed during profiling.
Failures (3):
EXECUTION FAILED: RESOURCE_EXHAUSTED: Out of memory while trying to allocate 2.44GiB. [tf-allocator-allocation-error='']
EXECUTION FAILED: RESOURCE_EXHAUSTED: Out of memory while trying to allocate 2.44GiB. [tf-allocator-allocation-error='']
EXECUTION FAILED: RESOURCE_EXHAUSTED: Out of memory while trying to allocate 2.44GiB. [tf-allocator-allocation-error='']
Traceback (most recent call last):
  File ""/mnt/c/Users/Shmelev/source/repos/pySigLib-Benchmarks/src/python_adapter_worker.py"", line 79, in main
    result = adapter_class(config)._run_benchmark()
             ^^^^^^^^^^^^^^^^^^^^^^^^^^^^^^^^^^^^^^
  File ""/mnt/c/Users/Shmelev/source/repos/pySigLib-Benchmarks/adapters/python/run_stochastax.py"", line 299, in _run_benchmark
    t_ms, alloc_bytes, samples_ms = self.manual_timing_loop(kernel)
                                    ^^^^^^^^^^^^^^^^^^^^^^^^^^^^^^^
  File ""/mnt/c/Users/Shmelev/source/repos/pySigLib-Benchmarks/src/common/adapter.py"", line 255, in manual_timing_loop
    invoke(""warmup"", iteration)
  File ""/mnt/c/Users/Shmelev/source/repos/pySigLib-Benchmarks/src/common/adapter.py"", line 244, in invoke
    func()
  File ""/mnt/c/Users/Shmelev/source/repos/pySigLib-Benchmarks/adapters/python/run_stochastax.py"", line 91, in <lambda>
    return lambda: signature_fn(path_jax).block_until_ready()
                   ^^^^^^^^^^^^^^^^^^^^^^
jax.errors.JaxRuntimeError: INTERNAL: Autotuning failed for HLO: %loop_add_fusion.1 = f32[9998,256,16,16]{3,2,1,0} fusion(%get-tuple-element, %input_concatenate_fusion.1, %loop_slice_fusion, %loop_add_fusion.2, %loop_subtract_fusion), kind=kLoop, calls=%fused_add.1, metadata={op_name=""jit(signature_one)/vmap(jit(compute_path_signature))/add"" stack_frame_id=69}. Failed to pick best config: All configs failed during profiling.
Failures (3):
EXECUTION FAILED: RESOURCE_EXHAUSTED: Out of memory while trying to allocate 2.44GiB. [tf-allocator-allocation-error='']
EXECUTION FAILED: RESOURCE_EXHAUSTED: Out of memory while trying to allocate 2.44GiB. [tf-allocator-allocation-error='']
EXECUTION FAILED: RESOURCE_EXHAUSTED: Out of memory while trying to allocate 2.44GiB. [tf-allocator-allocation-error='']
--------------------
For simplicity, JAX has removed its internal frames from the traceback of the following exception. Set JAX_TRACEBACK_FILTERING=off to include these.
"
"49ac799ba1125706b883dedbd4acf1a7aa8adc8ea8e9d78f7df475021308ed7b","stochastax","gpu","sig_backprop","10000","16","3","256","RuntimeError","stochastax: adapter task failed: RESOURCE_EXHAUSTED: Out of memory while trying to allocate 2.90GiB.
Traceback (most recent call last):
  File ""/mnt/c/Users/Shmelev/source/repos/pySigLib-Benchmarks/src/python_adapter_worker.py"", line 79, in main
    result = adapter_class(config)._run_benchmark()
             ^^^^^^^^^^^^^^^^^^^^^^^^^^^^^^^^^^^^^^
  File ""/mnt/c/Users/Shmelev/source/repos/pySigLib-Benchmarks/adapters/python/run_stochastax.py"", line 299, in _run_benchmark
    t_ms, alloc_bytes, samples_ms = self.manual_timing_loop(kernel)
                                    ^^^^^^^^^^^^^^^^^^^^^^^^^^^^^^^
  File ""/mnt/c/Users/Shmelev/source/repos/pySigLib-Benchmarks/src/common/adapter.py"", line 255, in manual_timing_loop
    invoke(""warmup"", iteration)
  File ""/mnt/c/Users/Shmelev/source/repos/pySigLib-Benchmarks/src/common/adapter.py"", line 244, in invoke
    func()
  File ""/mnt/c/Users/Shmelev/source/repos/pySigLib-Benchmarks/adapters/python/run_stochastax.py"", line 72, in <lambda>
    return lambda: backprop_fn(cotangent).block_until_ready()
                   ^^^^^^^^^^^^^^^^^^^^^^
  File ""/mnt/c/Users/Shmelev/source/repos/pySigLib-Benchmarks/.venv/lib/python3.12/site-packages/jax/_src/array.py"", line 1108, in _array_mlir_constant_handler
    raise
  File ""/mnt/c/Users/Shmelev/source/repos/pySigLib-Benchmarks/.venv/lib/python3.12/site-packages/jax/_src/array.py"", line 614, in _value
    npy_value, did_copy = self._single_device_array_to_np_array_did_copy()
                          ^^^^^^^^^^^^^^^^^^^^^^^^^^^^^^^^^^^^^^^^^^^^^^^^
jax.errors.JaxRuntimeError: RESOURCE_EXHAUSTED: Out of memory while trying to allocate 2.90GiB.
--------------------
For simplicity, JAX has removed its internal frames from the traceback of the following exception. Set JAX_TRACEBACK_FILTERING=off to include these.
"
"d8bcb75c8ac3516c8c04aae3b1c4d8912106a5912925a18e298d780041bd173c","signax","cpu","sig_backprop","10000","16","3","256","BenchmarkWorkerOOM","signax: worker received SIGKILL, likely due to OOM
  File ""/mnt/c/Users/Shmelev/source/repos/pySigLib-Benchmarks/.venv/lib/python3.12/site-packages/jax_plugins/xla_cuda12/__init__.py"", line 373, in initialize
    c_api = xb.register_plugin(
            ^^^^^^^^^^^^^^^^^^^
  File ""/mnt/c/Users/Shmelev/source/repos/pySigLib-Benchmarks/.venv/lib/python3.12/site-packages/jax/_src/xla_bridge.py"", line 625, in register_plugin
    c_api = xla_client.load_pjrt_plugin_dynamically(plugin_name, library_path)
            ^^^^^^^^^^^^^^^^^^^^^^^^^^^^^^^^^^^^^^^^^^^^^^^^^^^^^^^^^^^^^^^^^^
  File ""/mnt/c/Users/Shmelev/source/repos/pySigLib-Benchmarks/.venv/lib/python3.12/site-packages/jaxlib/xla_client.py"", line 113, in load_pjrt_plugin_dynamically
    return _xla.load_pjrt_plugin(plugin_name, library_path, c_api=None)
           ^^^^^^^^^^^^^^^^^^^^^^^^^^^^^^^^^^^^^^^^^^^^^^^^^^^^^^^^^^^^
jax.errors.JaxRuntimeError: ALREADY_EXISTS: PJRT_Api already exists for device type cuda
E0731 22:48:52.196598    4446 cuda_executor.cc:1526] Could not get kernel mode driver version: (INVALID_ARGUMENT: Version does not match the format X.Y.Z)
E0731 22:48:52.212913    4375 cuda_executor.cc:1526] Could not get kernel mode driver version: (INVALID_ARGUMENT: Version does not match the format X.Y.Z)
/mnt/c/Users/Shmelev/source/repos/pySigLib-Benchmarks/.venv/lib/python3.12/site-packages/jax/_src/interpreters/mlir.py:1220: UserWarning: A large amount of constants were captured during lowering (3.44GB total). If this is intentional, disable this warning by setting JAX_CAPTURED_CONSTANTS_WARN_BYTES=-1. To obtain a report of where these constants were encountered, set JAX_CAPTURED_CONSTANTS_REPORT_FRAMES=-1.
  warnings.warn(message)
Finished with result: oom-kill
Main processes terminated with: code=exited/status=137
Service runtime: 2min 23.888s
CPU time consumed: 3min 2.606s
Memory peak: 16.0G
Memory swap peak: 0B"
"33185d2ab9d9b265db8eac4b20b97423536201523442fed3f2b2e082bbf92ccb","signax","gpu","sig_backprop","10000","16","3","256","BenchmarkWorkerOOM","signax: worker received SIGKILL, likely due to OOM
  File ""/mnt/c/Users/Shmelev/source/repos/pySigLib-Benchmarks/.venv/lib/python3.12/site-packages/jax_plugins/xla_cuda13/__init__.py"", line 373, in initialize
    c_api = xb.register_plugin(
            ^^^^^^^^^^^^^^^^^^^
  File ""/mnt/c/Users/Shmelev/source/repos/pySigLib-Benchmarks/.venv/lib/python3.12/site-packages/jax/_src/xla_bridge.py"", line 625, in register_plugin
    c_api = xla_client.load_pjrt_plugin_dynamically(plugin_name, library_path)
            ^^^^^^^^^^^^^^^^^^^^^^^^^^^^^^^^^^^^^^^^^^^^^^^^^^^^^^^^^^^^^^^^^^
  File ""/mnt/c/Users/Shmelev/source/repos/pySigLib-Benchmarks/.venv/lib/python3.12/site-packages/jaxlib/xla_client.py"", line 113, in load_pjrt_plugin_dynamically
    return _xla.load_pjrt_plugin(plugin_name, library_path, c_api=None)
           ^^^^^^^^^^^^^^^^^^^^^^^^^^^^^^^^^^^^^^^^^^^^^^^^^^^^^^^^^^^^
jax.errors.JaxRuntimeError: ALREADY_EXISTS: PJRT_Api already exists for device type cuda
E0731 22:51:20.411960    4998 cuda_executor.cc:1526] Could not get kernel mode driver version: (INVALID_ARGUMENT: Version does not match the format X.Y.Z)
E0731 22:51:20.427728    4924 cuda_executor.cc:1526] Could not get kernel mode driver version: (INVALID_ARGUMENT: Version does not match the format X.Y.Z)
/mnt/c/Users/Shmelev/source/repos/pySigLib-Benchmarks/.venv/lib/python3.12/site-packages/jax/_src/interpreters/mlir.py:1220: UserWarning: A large amount of constants were captured during lowering (3.44GB total). If this is intentional, disable this warning by setting JAX_CAPTURED_CONSTANTS_WARN_BYTES=-1. To obtain a report of where these constants were encountered, set JAX_CAPTURED_CONSTANTS_REPORT_FRAMES=-1.
  warnings.warn(message)
Finished with result: oom-kill
Main processes terminated with: code=exited/status=137
Service runtime: 2min 9.719s
CPU time consumed: 1min 42.821s
Memory peak: 16.0G
Memory swap peak: 0B"
"37090248ec59cf5283ca449dcfd4d2ba01a887787624a6da373c9e3abdfa8f9e","tensordev","gpu","sig_backprop","10000","16","3","256","BenchmarkWorkerOOM","tensordev: worker received SIGKILL, likely due to OOM
  File ""/mnt/c/Users/Shmelev/source/repos/pySigLib-Benchmarks/.venv/lib/python3.12/site-packages/jax_plugins/xla_cuda12/__init__.py"", line 373, in initialize
    c_api = xb.register_plugin(
            ^^^^^^^^^^^^^^^^^^^
  File ""/mnt/c/Users/Shmelev/source/repos/pySigLib-Benchmarks/.venv/lib/python3.12/site-packages/jax/_src/xla_bridge.py"", line 625, in register_plugin
    c_api = xla_client.load_pjrt_plugin_dynamically(plugin_name, library_path)
            ^^^^^^^^^^^^^^^^^^^^^^^^^^^^^^^^^^^^^^^^^^^^^^^^^^^^^^^^^^^^^^^^^^
  File ""/mnt/c/Users/Shmelev/source/repos/pySigLib-Benchmarks/.venv/lib/python3.12/site-packages/jaxlib/xla_client.py"", line 113, in load_pjrt_plugin_dynamically
    return _xla.load_pjrt_plugin(plugin_name, library_path, c_api=None)
           ^^^^^^^^^^^^^^^^^^^^^^^^^^^^^^^^^^^^^^^^^^^^^^^^^^^^^^^^^^^^
jax.errors.JaxRuntimeError: ALREADY_EXISTS: PJRT_Api already exists for device type cuda
E0731 22:56:26.705436    6074 cuda_executor.cc:1526] Could not get kernel mode driver version: (INVALID_ARGUMENT: Version does not match the format X.Y.Z)
E0731 22:56:26.719825    5984 cuda_executor.cc:1526] Could not get kernel mode driver version: (INVALID_ARGUMENT: Version does not match the format X.Y.Z)
/mnt/c/Users/Shmelev/source/repos/pySigLib-Benchmarks/.venv/lib/python3.12/site-packages/jax/_src/interpreters/mlir.py:1220: UserWarning: A large amount of constants were captured during lowering (3.12GB total). If this is intentional, disable this warning by setting JAX_CAPTURED_CONSTANTS_WARN_BYTES=-1. To obtain a report of where these constants were encountered, set JAX_CAPTURED_CONSTANTS_REPORT_FRAMES=-1.
  warnings.warn(message)
Finished with result: oom-kill
Main processes terminated with: code=exited/status=137
Service runtime: 1min 53.792s
CPU time consumed: 1min 23.010s
Memory peak: 16.0G
Memory swap peak: 0B"
"6592a4ccaadefd9b143eae10cf76461f39d47e0a1f8cdaa27b18f655e8f75081","keras_sig","cpu","signature","10000","16","3","256","BenchmarkWorkerOOM","keras_sig: worker received SIGKILL, likely due to OOM
  File ""/mnt/c/Users/Shmelev/source/repos/pySigLib-Benchmarks/.venv/lib/python3.12/site-packages/jax/_src/xla_bridge.py"", line 487, in discover_pjrt_plugins
    plugin_module.initialize()
  File ""/mnt/c/Users/Shmelev/source/repos/pySigLib-Benchmarks/.venv/lib/python3.12/site-packages/jax_plugins/xla_cuda13/__init__.py"", line 373, in initialize
    c_api = xb.register_plugin(
            ^^^^^^^^^^^^^^^^^^^
  File ""/mnt/c/Users/Shmelev/source/repos/pySigLib-Benchmarks/.venv/lib/python3.12/site-packages/jax/_src/xla_bridge.py"", line 625, in register_plugin
    c_api = xla_client.load_pjrt_plugin_dynamically(plugin_name, library_path)
            ^^^^^^^^^^^^^^^^^^^^^^^^^^^^^^^^^^^^^^^^^^^^^^^^^^^^^^^^^^^^^^^^^^
  File ""/mnt/c/Users/Shmelev/source/repos/pySigLib-Benchmarks/.venv/lib/python3.12/site-packages/jaxlib/xla_client.py"", line 113, in load_pjrt_plugin_dynamically
    return _xla.load_pjrt_plugin(plugin_name, library_path, c_api=None)
           ^^^^^^^^^^^^^^^^^^^^^^^^^^^^^^^^^^^^^^^^^^^^^^^^^^^^^^^^^^^^
jax.errors.JaxRuntimeError: ALREADY_EXISTS: PJRT_Api already exists for device type cuda
E0731 22:58:49.442224    6855 cuda_executor.cc:1526] Could not get kernel mode driver version: (INVALID_ARGUMENT: Version does not match the format X.Y.Z)
E0731 22:58:49.458121    6764 cuda_executor.cc:1526] Could not get kernel mode driver version: (INVALID_ARGUMENT: Version does not match the format X.Y.Z)
Finished with result: oom-kill
Main processes terminated with: code=exited/status=137
Service runtime: 2min 39.537s
CPU time consumed: 8min 50.668s
Memory peak: 16.0G
Memory swap peak: 0B"
"34ae77d58fcc1cf74f73e12b9de1c97577d9b2f10fbab90711718347687c4d86","keras_sig","cpu","sig_backprop","10000","16","3","256","BenchmarkWorkerOOM","keras_sig: worker received SIGKILL, likely due to OOM
  File ""/mnt/c/Users/Shmelev/source/repos/pySigLib-Benchmarks/.venv/lib/python3.12/site-packages/jax_plugins/xla_cuda12/__init__.py"", line 373, in initialize
    c_api = xb.register_plugin(
            ^^^^^^^^^^^^^^^^^^^
  File ""/mnt/c/Users/Shmelev/source/repos/pySigLib-Benchmarks/.venv/lib/python3.12/site-packages/jax/_src/xla_bridge.py"", line 625, in register_plugin
    c_api = xla_client.load_pjrt_plugin_dynamically(plugin_name, library_path)
            ^^^^^^^^^^^^^^^^^^^^^^^^^^^^^^^^^^^^^^^^^^^^^^^^^^^^^^^^^^^^^^^^^^
  File ""/mnt/c/Users/Shmelev/source/repos/pySigLib-Benchmarks/.venv/lib/python3.12/site-packages/jaxlib/xla_client.py"", line 113, in load_pjrt_plugin_dynamically
    return _xla.load_pjrt_plugin(plugin_name, library_path, c_api=None)
           ^^^^^^^^^^^^^^^^^^^^^^^^^^^^^^^^^^^^^^^^^^^^^^^^^^^^^^^^^^^^
jax.errors.JaxRuntimeError: ALREADY_EXISTS: PJRT_Api already exists for device type cuda
E0731 23:01:10.480842    7025 cuda_executor.cc:1526] Could not get kernel mode driver version: (INVALID_ARGUMENT: Version does not match the format X.Y.Z)
E0731 23:01:10.498252    6934 cuda_executor.cc:1526] Could not get kernel mode driver version: (INVALID_ARGUMENT: Version does not match the format X.Y.Z)
/mnt/c/Users/Shmelev/source/repos/pySigLib-Benchmarks/.venv/lib/python3.12/site-packages/jax/_src/interpreters/mlir.py:1220: UserWarning: A large amount of constants were captured during lowering (3.44GB total). If this is intentional, disable this warning by setting JAX_CAPTURED_CONSTANTS_WARN_BYTES=-1. To obtain a report of where these constants were encountered, set JAX_CAPTURED_CONSTANTS_REPORT_FRAMES=-1.
  warnings.warn(message)
Finished with result: oom-kill
Main processes terminated with: code=exited/status=137
Service runtime: 48.463s
CPU time consumed: 1min 9.836s
Memory peak: 16.0G
Memory swap peak: 0B"
"50f69ba7c7dbc4d78722e43dae8789cb7e0cf7953940e28a0ac09c86443312fb","keras_sig","gpu","sig_backprop","10000","8","3","256","RuntimeError","keras_sig: adapter task failed: RESOURCE_EXHAUSTED: Failed to get configs for: 2 out of 9 instructions. See logs for all failures. Example failure:
Autotuning failed for HLO: %loop_transpose_fusion.1 = f32[9998,256,8,8]{3,2,1,0} fusion(%constant.56.0, %loop_transpose_fusion, %loop_slice_fusion.4), kind=kLoop, calls=%fused_transpose.1, metadata={op_name=""jit(<lambda>)/transpose(jvp(jit(batch_signature_pure_jax)))/jit(batch_seq_otimes_pure_jax)/reduce_sum"" stack_frame_id=52}. Failed to profile configs: Out of memory while trying to allocate 4.90GiB.
Traceback (most recent call last):
  File ""/mnt/c/Users/Shmelev/source/repos/pySigLib-Benchmarks/src/python_adapter_worker.py"", line 81, in main
    result = adapter._run_benchmark()
             ^^^^^^^^^^^^^^^^^^^^^^^^
  File ""/mnt/c/Users/Shmelev/source/repos/pySigLib-Benchmarks/adapters/python/run_keras_sig.py"", line 111, in _run_benchmark
    t_ms, alloc_bytes, samples_ms = self.manual_timing_loop(kernel)
                                    ^^^^^^^^^^^^^^^^^^^^^^^^^^^^^^^
  File ""/mnt/c/Users/Shmelev/source/repos/pySigLib-Benchmarks/src/common/adapter.py"", line 279, in manual_timing_loop
    invoke(""warmup"", iteration)
  File ""/mnt/c/Users/Shmelev/source/repos/pySigLib-Benchmarks/src/common/adapter.py"", line 244, in invoke
    func()
  File ""/mnt/c/Users/Shmelev/source/repos/pySigLib-Benchmarks/adapters/python/run_keras_sig.py"", line 89, in <lambda>
    return lambda: backprop_fn(cotangent).block_until_ready()
                   ^^^^^^^^^^^^^^^^^^^^^^
jax.errors.JaxRuntimeError: RESOURCE_EXHAUSTED: Failed to get configs for: 2 out of 9 instructions. See logs for all failures. Example failure:
Autotuning failed for HLO: %loop_transpose_fusion.1 = f32[9998,256,8,8]{3,2,1,0} fusion(%constant.56.0, %loop_transpose_fusion, %loop_slice_fusion.4), kind=kLoop, calls=%fused_transpose.1, metadata={op_name=""jit(<lambda>)/transpose(jvp(jit(batch_signature_pure_jax)))/jit(batch_seq_otimes_pure_jax)/reduce_sum"" stack_frame_id=52}. Failed to profile configs: Out of memory while trying to allocate 4.90GiB.
--------------------
For simplicity, JAX has removed its internal frames from the traceback of the following exception. Set JAX_TRACEBACK_FILTERING=off to include these.
"
"d2721c5b3585e4baa40275066c6b90fdc1ac12a2f0592300632d9457bf6d126e","keras_sig","gpu","signature","10000","16","3","256","RuntimeError","keras_sig: adapter task failed: INTERNAL: Autotuning failed for HLO: %loop_add_fusion.1 = f32[9998,256,16,16]{3,2,1,0} fusion(%get-tuple-element, %input_concatenate_fusion.1, %loop_slice_fusion, %loop_subtract_fusion), kind=kLoop, calls=%fused_add.1, metadata={op_name=""jit(signature_fn)/jit(batch_signature_pure_jax)/add"" stack_frame_id=66}. Failed to pick best config: All configs failed during profiling.
Failures (3):
EXECUTION FAILED: RESOURCE_EXHAUSTED: Out of memory while trying to allocate 2.44GiB. [tf-allocator-allocation-error='']
EXECUTION FAILED: RESOURCE_EXHAUSTED: Out of memory while trying to allocate 2.44GiB. [tf-allocator-allocation-error='']
EXECUTION FAILED: RESOURCE_EXHAUSTED: Out of memory while trying to allocate 2.44GiB. [tf-allocator-allocation-error='']
Traceback (most recent call last):
  File ""/mnt/c/Users/Shmelev/source/repos/pySigLib-Benchmarks/src/python_adapter_worker.py"", line 81, in main
    result = adapter._run_benchmark()
             ^^^^^^^^^^^^^^^^^^^^^^^^
  File ""/mnt/c/Users/Shmelev/source/repos/pySigLib-Benchmarks/adapters/python/run_keras_sig.py"", line 111, in _run_benchmark
    t_ms, alloc_bytes, samples_ms = self.manual_timing_loop(kernel)
                                    ^^^^^^^^^^^^^^^^^^^^^^^^^^^^^^^
  File ""/mnt/c/Users/Shmelev/source/repos/pySigLib-Benchmarks/src/common/adapter.py"", line 279, in manual_timing_loop
    invoke(""warmup"", iteration)
  File ""/mnt/c/Users/Shmelev/source/repos/pySigLib-Benchmarks/src/common/adapter.py"", line 244, in invoke
    func()
  File ""/mnt/c/Users/Shmelev/source/repos/pySigLib-Benchmarks/adapters/python/run_keras_sig.py"", line 70, in <lambda>
    return lambda: signature_fn(path_jax).block_until_ready()
                   ^^^^^^^^^^^^^^^^^^^^^^
jax.errors.JaxRuntimeError: INTERNAL: Autotuning failed for HLO: %loop_add_fusion.1 = f32[9998,256,16,16]{3,2,1,0} fusion(%get-tuple-element, %input_concatenate_fusion.1, %loop_slice_fusion, %loop_subtract_fusion), kind=kLoop, calls=%fused_add.1, metadata={op_name=""jit(signature_fn)/jit(batch_signature_pure_jax)/add"" stack_frame_id=66}. Failed to pick best config: All configs failed during profiling.
Failures (3):
EXECUTION FAILED: RESOURCE_EXHAUSTED: Out of memory while trying to allocate 2.44GiB. [tf-allocator-allocation-error='']
EXECUTION FAILED: RESOURCE_EXHAUSTED: Out of memory while trying to allocate 2.44GiB. [tf-allocator-allocation-error='']
EXECUTION FAILED: RESOURCE_EXHAUSTED: Out of memory while trying to allocate 2.44GiB. [tf-allocator-allocation-error='']
--------------------
For simplicity, JAX has removed its internal frames from the traceback of the following exception. Set JAX_TRACEBACK_FILTERING=off to include these.
"
"17eb0b89da32c182354d2e995702db04c07f73e92760e52506c0faf3f987d037","keras_sig","gpu","sig_backprop","10000","16","3","256","RuntimeError","keras_sig: adapter task failed: RESOURCE_EXHAUSTED: Out of memory while trying to allocate 3.06GiB.
Traceback (most recent call last):
  File ""/mnt/c/Users/Shmelev/source/repos/pySigLib-Benchmarks/src/python_adapter_worker.py"", line 81, in main
    result = adapter._run_benchmark()
             ^^^^^^^^^^^^^^^^^^^^^^^^
  File ""/mnt/c/Users/Shmelev/source/repos/pySigLib-Benchmarks/adapters/python/run_keras_sig.py"", line 111, in _run_benchmark
    t_ms, alloc_bytes, samples_ms = self.manual_timing_loop(kernel)
                                    ^^^^^^^^^^^^^^^^^^^^^^^^^^^^^^^
  File ""/mnt/c/Users/Shmelev/source/repos/pySigLib-Benchmarks/src/common/adapter.py"", line 279, in manual_timing_loop
    invoke(""warmup"", iteration)
  File ""/mnt/c/Users/Shmelev/source/repos/pySigLib-Benchmarks/src/common/adapter.py"", line 244, in invoke
    func()
  File ""/mnt/c/Users/Shmelev/source/repos/pySigLib-Benchmarks/adapters/python/run_keras_sig.py"", line 89, in <lambda>
    return lambda: backprop_fn(cotangent).block_until_ready()
                   ^^^^^^^^^^^^^^^^^^^^^^
  File ""/mnt/c/Users/Shmelev/source/repos/pySigLib-Benchmarks/.venv/lib/python3.12/site-packages/jax/_src/array.py"", line 1108, in _array_mlir_constant_handler
    raise
  File ""/mnt/c/Users/Shmelev/source/repos/pySigLib-Benchmarks/.venv/lib/python3.12/site-packages/jax/_src/array.py"", line 614, in _value
    npy_value, did_copy = self._single_device_array_to_np_array_did_copy()
                          ^^^^^^^^^^^^^^^^^^^^^^^^^^^^^^^^^^^^^^^^^^^^^^^^
jax.errors.JaxRuntimeError: RESOURCE_EXHAUSTED: Out of memory while trying to allocate 3.06GiB.
--------------------
For simplicity, JAX has removed its internal frames from the traceback of the following exception. Set JAX_TRACEBACK_FILTERING=off to include these.
"
