"task_id","N","d","m","batch_size","seed","path_kind","operation","backend","language","library","method","path_type","timing_statistic","t_ms","t_ms_mean","t_ms_std","samples_ms","alloc_bytes"
"9c3f3dd15fbaee7342a24ca9bd633e10fbdf5c7d24e2a0ba39c6027ae2d0a758","10000","2","2","256","20260529","brownian","signature","cpu","python","log-signatures-pytorch","signature","torch.Tensor","min","42.32416601735167","46.66702734539285","4.30377358076254","[42.32416601735167, 45.14544201083481, 52.531474007992074]","29"
"e237f7bf915a9cb3c9d3297cb2e0dbe5fbe52c6532ac8886c9209e567da4c187","10000","2","2","256","20260529","brownian","sig_backprop","cpu","python","log-signatures-pytorch","torch.func.vjp(signature)","torch.Tensor","min","100.77461699256673","103.66886865813285","2.4613518165467374","[106.79076600354165, 100.77461699256673, 103.44122297829017]","701"
"3c7227df9b560c6f5ce5b1c94bf23a853fcfaa152372b55de6d1b4d66a888eb4","10000","2","3","256","20260529","brownian","signature","cpu","python","log-signatures-pytorch","signature","torch.Tensor","min","120.65195801551454","122.34394233867836","1.2855055759757315","[120.65195801551454, 123.76585000311024, 122.61401899741031]","29"
"4adbc89ab735b84beac55b3597c14f3666454c74bc61a7bda043373855de4ace","10000","2","3","256","20260529","brownian","sig_backprop","cpu","python","log-signatures-pytorch","torch.func.vjp(signature)","torch.Tensor","min","278.44060098868795","292.38727899307077","10.322282052943542","[278.44060098868795, 295.62673400505446, 303.09450198546983]","786"
"75c5757b976ca474f06907315e30be5547ecabd39f11dd5c45fd22a4dd5af55a","10000","4","2","256","20260529","brownian","signature","cpu","python","log-signatures-pytorch","signature","torch.Tensor","min","102.63367200968787","105.91372999867114","4.026116954123105","[103.5232080030255, 102.63367200968787, 111.58430998330005]","29"
"f3cd2c4e249c53a3b3f3ad759cf39350191eba778aac32d4db29809cfd1391e6","10000","4","2","256","20260529","brownian","sig_backprop","cpu","python","log-signatures-pytorch","torch.func.vjp(signature)","torch.Tensor","min","264.50090401340276","272.1857753252455","5.477451502144071","[276.87128697289154, 264.50090401340276, 275.1851349894423]","786"
"32212701b6193da6dc5873cc1c83ebb60d123268c44371ef48afc5c4b89c620e","10000","4","3","256","20260529","brownian","signature","cpu","python","log-signatures-pytorch","signature","torch.Tensor","min","600.289996014908","608.2615080037309","10.368889209777496","[600.289996014908, 622.9061589983758, 601.5883689979091]","29"
"278f09e96721d816d096ccfeb3a8c2ee60a85c26291445172c4f40becfeeabd3","10000","4","3","256","20260529","brownian","sig_backprop","cpu","python","log-signatures-pytorch","torch.func.vjp(signature)","torch.Tensor","min","1235.8045980217867","1334.9182026674196","71.06862121776932","[1235.8045980217867, 1398.9143059880007, 1370.035703992471]","786"
"c02f8f3a1f01680284fba1e05ddce3abf89b0391f3b4baa7b13f57bc4b1c81fd","10000","8","2","256","20260529","brownian","signature","cpu","python","log-signatures-pytorch","signature","torch.Tensor","min","497.6053840073291","522.5862466710774","18.563486856203696","[497.6053840073291, 528.0858309997711, 542.0675250061322]","29"
"793714fff29a8f4c3161069887a66afc28120fd416036bfcb7e06deaf625beae","10000","8","2","256","20260529","brownian","sig_backprop","cpu","python","log-signatures-pytorch","torch.func.vjp(signature)","torch.Tensor","min","978.8930100039579","1044.4273466807015","76.65237167377063","[1151.976312015904, 1002.4127180222422, 978.8930100039579]","786"
"fde52c20eddee64a40aa75d020ed861431b32fbe7082d35910eeae5ca02cf86c","10000","8","3","256","20260529","brownian","signature","cpu","python","log-signatures-pytorch","signature","torch.Tensor","min","7240.464650996728","7623.39281567256","327.01783037934405","[8039.435409009457, 7240.464650996728, 7590.2783870114945]","29"
"2d362675dfaaa3d4c31cf8e903f958fdbc5fbf84ac23f07d26503bfaf98e4ee6","10000","8","3","256","20260529","brownian","sig_backprop","cpu","python","log-signatures-pytorch","torch.func.vjp(signature)","torch.Tensor","min","19994.595249008853","22578.214913005166","2346.831637056743","[25674.217132997, 22065.83235700964, 19994.595249008853]","786"
"36fe0af18cad1957ea2ea9b394f37cfa483d33402810e1e9e09f362088344e1c","10000","16","2","256","20260529","brownian","signature","cpu","python","log-signatures-pytorch","signature","torch.Tensor","min","2464.769782993244","2544.4113853251715","62.44146149235974","[2617.2672520042397, 2551.1971209780313, 2464.769782993244]","29"
"8652a251a371b74bc9f25ae72daa8902892f1d0019d003a9a33de3ecc12bd205","10000","16","2","256","20260529","brownian","sig_backprop","cpu","python","log-signatures-pytorch","torch.func.vjp(signature)","torch.Tensor","min","4381.834957981482","5880.487966991495","1425.5306398072753","[7797.60545300087, 5462.023489992134, 4381.834957981482]","786"
"398674cf87cdae16ae0999c6dac8e12784e57825547a90c69945587671a99f8e","10000","2","2","256","20260529","brownian","signature","gpu","python","log-signatures-pytorch","signature[torch.compile(reduce-overhead)]","torch.Tensor","min","1.1341669999183068","19.115986666596047","25.31758949312358","[54.920347000006586, 1.293445999863252, 1.1341669999183068]","15332"
"4d28a73a7651c4744307d923cb072a4b6902c9f2f05f095d0c1055bd4489573b","10000","2","2","256","20260529","brownian","sig_backprop","gpu","python","log-signatures-pytorch","torch.func.vjp(signature)[torch.compile(reduce-overhead)]","torch.Tensor","min","8.48912699984794","8.615859999963504","0.09387325976622186","[8.713466000017434, 8.48912699984794, 8.64498700002514]","1020"
"c473942eb93b5b2619ea7a4cf666ce1d72f95ed8f3eea03470500155fa9be2a2","10000","2","3","256","20260529","brownian","signature","gpu","python","log-signatures-pytorch","signature[torch.compile(reduce-overhead)]","torch.Tensor","min","2.553840000018681","10.054640000059104","10.578206744492322","[25.014464000150838, 2.5956160000077944, 2.553840000018681]","14850"
"7d9019dcc8425702b88989d273d2cc2de99dfe05e98d76a18183fa431bce8f64","10000","2","3","256","20260529","brownian","sig_backprop","gpu","python","log-signatures-pytorch","torch.func.vjp(signature)[torch.compile(reduce-overhead)]","torch.Tensor","min","21.703746999946816","21.746424999946612","0.040130530037065265","[21.7353660000299, 21.703746999946816, 21.80016199986312]","1094"
"44284ddb530a3e849a03d59d36337725ae9e3e29e84a020b6cbece368c4554e5","10000","4","2","256","20260529","brownian","signature","gpu","python","log-signatures-pytorch","signature[torch.compile(reduce-overhead)]","torch.Tensor","min","5.061504999957833","7.622473333337136","3.6215475553301713","[12.744115000032252, 5.0618000000213215, 5.061504999957833]","14979"
"b7124c3e8fb812765db855e1fa88b18a9385293f3b7e9160824a19bef1331027","10000","4","2","256","20260529","brownian","sig_backprop","gpu","python","log-signatures-pytorch","torch.func.vjp(signature)[torch.compile(reduce-overhead)]","torch.Tensor","min","21.667659000058848","21.70533133327505","0.04053371293643614","[21.76158499992198, 21.667659000058848, 21.686749999844324]","1223"
"1671e7563c68e06fc6a44dc20e6b413b62cfa2859f44b9dd34bf1188bd2b2789","10000","4","3","256","20260529","brownian","signature","gpu","python","log-signatures-pytorch","signature[torch.compile(reduce-overhead)]","torch.Tensor","min","22.642112999847086","80.50238299991481","81.72405322821449","[196.07761699990078, 22.642112999847086, 22.78741899999659]","14874"
"edfc883ae8852b454f4149aad9e3b2786c1702b6281de7001c1245344eaf8443","10000","4","3","256","20260529","brownian","sig_backprop","gpu","python","log-signatures-pytorch","torch.func.vjp(signature)[torch.compile(reduce-overhead)]","torch.Tensor","min","78.98645799991755","79.07705033320174","0.06743313892584116","[78.98645799991755, 79.09654699983548, 79.1481459998522]","1223"
"5a7325e27645764324acbdaa741d0258520b039500fc3571be0f5d15bd4f9767","10000","8","2","256","20260529","brownian","signature","gpu","python","log-signatures-pytorch","signature[torch.compile(reduce-overhead)]","torch.Tensor","min","17.19099299998561","24.43098566671627","10.198856675636966","[38.854310000033365, 17.19099299998561, 17.24765400012984]","16063"
"b18723718e7b0dd0495a5fdac129ea109738d1ddc240bb643be1e5d9c093e288","10000","8","2","256","20260529","brownian","sig_backprop","gpu","python","log-signatures-pytorch","torch.func.vjp(signature)[torch.compile(reduce-overhead)]","torch.Tensor","min","58.501685000010184","58.58022566667387","0.063135684990218","[58.65627499997572, 58.501685000010184, 58.5827170000357]","1267"
"7bfba2482ac3d736f875f73807c97fa7e319e10377cb1b7d0aa3cc9ba36c8238","10000","8","3","256","20260529","brownian","signature","gpu","python","log-signatures-pytorch","signature[torch.compile(reduce-overhead)]","torch.Tensor","min","1394.5703849999518","1423.6549406666654","30.95210133801538","[1466.5276850000737, 1394.5703849999518, 1409.8667519999708]","16471"
"80013669af7b9de1896b4ab7985dfcbb735d35a3cd52020ed00960f681c7b29e","10000","16","2","256","20260529","brownian","signature","gpu","python","log-signatures-pytorch","signature[torch.compile(reduce-overhead)]","torch.Tensor","min","17.015560000118057","257.03691799996403","339.411859976024","[737.0377729998836, 17.057420999890383, 17.015560000118057]","14981"
"05e8aaed2a946b5438527dcd8488a712c3bed3a9f2b0cfdae062b11707068ceb","10000","16","2","256","20260529","brownian","sig_backprop","gpu","python","log-signatures-pytorch","torch.func.vjp(signature)[torch.compile(reduce-overhead)]","torch.Tensor","min","3139.639130999967","3483.21280099996","266.8397394284251","[3519.821901999876, 3790.1773700000376, 3139.639130999967]","2175"
"d892ff4326ca61013b374d4edc4ab0fb54d4c03ae4cef82ec36b10f6b14218ee","10000","2","2","256","20260529","brownian","signature","cpu","python","signatory","Signature","torch.Tensor","min","43.802158999824314","44.85369333330406","1.4368534715413046","[43.873628999790526, 43.802158999824314, 46.88529200029734]","278"
"45530bc47a4c091e4ee45374361fb3c8bdec6b6b14acab1da5ebd8c44574ab6e","10000","2","2","256","20260529","brownian","sig_backprop","cpu","python","signatory","Signature.backward(random_cotangent)","torch.Tensor","min","282.42623200003436","292.5778470001508","7.179399436446951","[297.809215000143, 297.49809400027516, 282.42623200003436]","272"
"7dace8de096576fbe1f75aee5fe9ef49f98dadca77d79ca1fe0299d61cc9d991","10000","2","3","256","20260529","brownian","signature","cpu","python","signatory","Signature","torch.Tensor","min","55.18315300014365","60.45345933337861","3.9062339248704863","[55.18315300014365, 61.654772000110825, 64.52245299988135]","268"
"8a01dd56b1f96bfa2eb80008c352959d386e6e3cbc244a8efb500d169382b975","10000","2","3","256","20260529","brownian","sig_backprop","cpu","python","signatory","Signature.backward(random_cotangent)","torch.Tensor","min","496.8759140001566","508.2090486668373","8.044391026871608","[496.8759140001566, 514.7349090002535, 513.0163230001017]","272"
"2fb30e28c89aebe50215641b084bf94f38b7fe96091ed69764a7060d4008552a","10000","4","2","256","20260529","brownian","signature","cpu","python","signatory","Signature","torch.Tensor","min","39.63121000015235","41.77377800018197","1.7833367072897526","[39.63121000015235, 43.99722800008021, 41.69289600031334]","309"
"cb3f76ca3fbca5e968f66c2b214e2bede78445eebb65e6b3008be979196cd9cf","10000","4","2","256","20260529","brownian","sig_backprop","cpu","python","signatory","Signature.backward(random_cotangent)","torch.Tensor","min","372.9863960002149","381.4987869999034","6.501143871275966","[372.9863960002149, 382.7463769998758, 388.76358799961963]","272"
"02268aefdb1b2a18916a4414fc44fdd419038507e98b7c82f6c1c3ffdfdfdd48","10000","4","3","256","20260529","brownian","signature","cpu","python","signatory","Signature","torch.Tensor","min","76.756610999837","78.76148399994538","1.814059744056909","[81.15013199994792, 76.756610999837, 78.37770900005125]","275"
"02ec6e6b684f62cae2800bbaffdedab9eb2ac0b3da526bc5644055df88199608","10000","4","3","256","20260529","brownian","sig_backprop","cpu","python","signatory","Signature.backward(random_cotangent)","torch.Tensor","min","723.8209009997263","747.940208999959","17.5595390298239","[765.1184910000666, 723.8209009997263, 754.8812350000844]","272"
"b100332f75b4fe2771eff84dcfeeb829bbb306fc8a478e820b686fdd9c114b1c","10000","8","2","256","20260529","brownian","signature","cpu","python","signatory","Signature","torch.Tensor","min","56.3462149998486","58.16290766642851","2.0109524900210016","[56.3462149998486, 57.17636199960907, 60.96614599982786]","286"
"ef5e3ffade2c57f1e65b9c891b44fdaa45f2114f7d5ed51606fd4c23c010bd80","10000","8","2","256","20260529","brownian","sig_backprop","cpu","python","signatory","Signature.backward(random_cotangent)","torch.Tensor","min","412.8514419999192","430.9605629999472","14.75212196941942","[431.0439219998443, 448.98632500007807, 412.8514419999192]","272"
"65d2609e6cc842b705c62f6b205e151c25d6f0d5d17ff849c8f94756e3e0f22c","10000","8","3","256","20260529","brownian","signature","cpu","python","signatory","Signature","torch.Tensor","min","182.02968800005692","185.4562256665607","2.622156351339615","[182.02968800005692, 188.39737300004344, 185.9416159995817]","291"
"60132b2d420a405ed60fd718aa739d369b1dc3e040f550cd52bbab6027233a8a","10000","8","3","256","20260529","brownian","sig_backprop","cpu","python","signatory","Signature.backward(random_cotangent)","torch.Tensor","min","1578.5549120000724","1597.9560356668117","13.733870365579161","[1606.8653370002721, 1608.4478580000905, 1578.5549120000724]","272"
"d3c842bb0f5d79b740520ecac2e26e8516830eb0603d4a67d5da60558b8bccce","10000","16","2","256","20260529","brownian","signature","cpu","python","signatory","Signature","torch.Tensor","min","90.20679500008555","92.44467866680377","1.7699502690781848","[90.20679500008555, 92.59254200014766, 94.53469900017808]","309"
"32b4cf39de1e1179a11602ff5771e7f9b616d8ba3911db7575e71c67cf22d250","10000","16","2","256","20260529","brownian","sig_backprop","cpu","python","signatory","Signature.backward(random_cotangent)","torch.Tensor","min","658.188913000231","670.3375400000672","16.35059740092502","[658.188913000231, 659.3730390000019, 693.4506679999686]","272"
"54ad465d603d26a86c5cb0ab3a1cb9edaaa13d4f7d1415ba3a3b7daba9cadfa9","10000","16","3","256","20260529","brownian","signature","cpu","python","signatory","Signature","torch.Tensor","min","674.9166909999076","693.1053203334159","21.504348074343312","[674.9166909999076, 723.3073540000987, 681.0919160002413]","296"
"dd70527a263512e1eb758e80886fb7295621c37d6a4f87f0f795b79202ba8692","10000","16","3","256","20260529","brownian","sig_backprop","cpu","python","signatory","Signature.backward(random_cotangent)","torch.Tensor","min","5195.93673899999","5377.789574333444","128.94575592240218","[5195.93673899999, 5480.449349000082, 5456.982635000259]","257"
"5f188c872fbb4caa41d9d247099aada95c1be7b854609304413f88afc1c4cec7","10000","2","2","256","20260529","brownian","signature","gpu","python","signatory","Signature","torch.Tensor","min","39.8456369998712","43.818617333272414","3.6855190833902323","[48.726775999966776, 39.8456369998712, 42.88343899997926]","761"
"deca0c3ee1e1b6db38571d0a7fff895a733a85e9ec634196ea2d1f824d0928c1","10000","2","2","256","20260529","brownian","sig_backprop","gpu","python","signatory","Signature.backward(random_cotangent)","torch.Tensor","min","157.36953999976322","175.30409066663802","12.681817522761179","[157.36953999976322, 184.18973999996524, 184.35299200018562]","374"
"67264a3c3f49b782ec79719439f8e93c6a9237373cd3158d96f128439af71974","10000","2","3","256","20260529","brownian","signature","gpu","python","signatory","Signature","torch.Tensor","min","73.78379500005394","75.23123299991614","1.062380590693553","[76.30376599990996, 73.78379500005394, 75.60613799978455]","709"
"3d8f7ecf6f72aa3ec5592146c5e1b9da960fd2ae2433b19093757c8f2870e53c","10000","2","3","256","20260529","brownian","sig_backprop","gpu","python","signatory","Signature.backward(random_cotangent)","torch.Tensor","min","308.15946499978963","326.5072213333345","15.720152678030109","[308.15946499978963, 324.80890200031354, 346.55329699990034]","374"
"b0522fa958dba2ccc0be1dbcdbafa032e8dd52160d42f94a87ca87decf076d2c","10000","4","2","256","20260529","brownian","signature","gpu","python","signatory","Signature","torch.Tensor","min","36.303857999882894","45.99334633333759","6.90408498919411","[36.303857999882894, 51.87969799999337, 49.796483000136504]","709"
"7e2a498b9e2b5334f50a6fa41636f808f4a0749f9e8ba1f7ada9f0e980bc41e5","10000","4","2","256","20260529","brownian","sig_backprop","gpu","python","signatory","Signature.backward(random_cotangent)","torch.Tensor","min","137.68389900042166","161.0661226668526","18.082774006655356","[137.68389900042166, 181.72572299999956, 163.7887460001366]","374"
"f243169f4a63050df816c070c32c80f237d763589801ad15d69f52571a9b9c37","10000","4","3","256","20260529","brownian","signature","gpu","python","signatory","Signature","torch.Tensor","min","60.008381999978155","71.3891570000366","8.072452030575663","[76.30160300004718, 77.85748600008446, 60.008381999978155]","722"
"5671e5766cd045b7fff1465785e734f4081e80fcca7a1e2e0bc4f6ec586143c8","10000","4","3","256","20260529","brownian","sig_backprop","gpu","python","signatory","Signature.backward(random_cotangent)","torch.Tensor","min","306.1142510000536","327.95174900002166","17.753644564137232","[349.6003909999672, 328.14060500004416, 306.1142510000536]","374"
"2b6fcfc74b3fb85047172799cedb2ebe753f1c7704d71615b3a760b5a75260eb","10000","8","2","256","20260529","brownian","signature","gpu","python","signatory","Signature","torch.Tensor","min","38.775567000357114","47.354129333446814","6.622053661687338","[54.896654000003764, 38.775567000357114, 48.390166999979556]","668"
"787e679887220f1a2cd1cb734659822c79673fb73022b726176fc4522b193032","10000","8","2","256","20260529","brownian","sig_backprop","gpu","python","signatory","Signature.backward(random_cotangent)","torch.Tensor","min","143.32091899996158","152.85408200012776","12.507459711881662","[143.32091899996158, 170.52391600009287, 144.71741100032887]","374"
"a05a1b1511dc50daa1a657d30e61c684a55d13d59c3587f8808b6c75e34cfc8b","10000","8","3","256","20260529","brownian","signature","gpu","python","signatory","Signature","torch.Tensor","min","89.52646500029005","94.66438833336117","7.126534226344145","[104.7421809998923, 89.52646500029005, 89.72451899990119]","707"
"72a205a350adb14891ef9071b0b0f8ee80e07a24dd3d497e36638010c7a49409","10000","8","3","256","20260529","brownian","sig_backprop","gpu","python","signatory","Signature.backward(random_cotangent)","torch.Tensor","min","307.0200840002144","321.47700066677015","18.35553716752397","[310.0336409997908, 307.0200840002144, 347.3772770003052]","374"
"9d53cc907814d2050955d726912931265e3cd35af7ca6a2128aa5fe615c9483b","10000","16","2","256","20260529","brownian","signature","gpu","python","signatory","Signature","torch.Tensor","min","32.5468009996257","45.681851333180624","9.834402910161156","[56.20867700008603, 48.29007599983015, 32.5468009996257]","743"
"f5d4a732b59e4b03bb030a137c67bcf6162be09f8395050a82b8dc6727a3b060","10000","16","2","256","20260529","brownian","sig_backprop","gpu","python","signatory","Signature.backward(random_cotangent)","torch.Tensor","min","142.4489989999529","179.0927946666064","27.25652905775802","[142.4489989999529, 207.7733480000461, 187.0560369998202]","374"
"926fe8cc6416a5d73a8966f3f71539a414046c5f55b0639f87f4dcc70908e990","10000","16","3","256","20260529","brownian","signature","gpu","python","signatory","Signature","torch.Tensor","min","441.26159799998277","441.6049459999461","0.3508860197261303","[441.26159799998277, 442.08688700018683, 441.46635299966874]","662"
"1a04d6b7f996ac4f37dc25208d460b23487d34ef25f90e464f17ed1af7211483","10000","16","3","256","20260529","brownian","sig_backprop","gpu","python","signatory","Signature.backward(random_cotangent)","torch.Tensor","min","894.9727809999786","901.0754489998666","4.31528733866799","[904.1520749997289, 904.1014909998921, 894.9727809999786]","374"
"37848ab8ac4d77de35255e6f6e27f91eb3b1f70d29d951c215d51988f27f9f93","10000","2","2","256","20260529","brownian","signature","gpu","python","pathsig","Signature(full)","torch.Tensor","min","2.4079579998215195","2.4476596665105412","0.04425798499811994","[2.509414999622095, 2.4079579998215195, 2.4256060000880098]","10"
"3c4f5b2aaba2144efd8e0859525640d304e9a0b82f603b9125e8d111eb609cb1","10000","2","2","256","20260529","brownian","sig_backprop","gpu","python","pathsig","Signature.backward(random_cotangent)","torch.Tensor","min","23.92218100021637","23.998276000080903","0.06838239376096965","[23.984638000001723, 23.92218100021637, 24.088009000024613]","272"
"e551bb5f6fd3e23ad264ce6576d20e94403e64e84272600bbe4c50380c287432","10000","2","3","256","20260529","brownian","signature","gpu","python","pathsig","Signature(full)","torch.Tensor","min","4.068513999754941","4.118881666575665","0.04823237819640039","[4.1839010000330745, 4.10422999993898, 4.068513999754941]","10"
"25ac4ee76ad84b8528c6d88a14ca8b053a7b7bf09b95de1ebbf292a072c5259a","10000","2","3","256","20260529","brownian","sig_backprop","gpu","python","pathsig","Signature.backward(random_cotangent)","torch.Tensor","min","40.68322900002386","40.78712833324971","0.07357802556633583","[40.83414999968227, 40.84400600004301, 40.68322900002386]","272"
"2cc882e97fca57f2db81612e1ce47e444dd0d0a87bdfb467cd6b1f04b4b4a263","10000","4","2","256","20260529","brownian","sig_backprop","gpu","python","pathsig","Signature.backward(random_cotangent)","torch.Tensor","min","35.78963700010718","35.80691000009514","0.015510348608793485","[35.80383799999254, 35.82725500018569, 35.78963700010718]","272"
"0f146fc1c276e2a9b8e71672b24a2d0a3623d3572fa7f0f07c33877b15946364","10000","4","3","256","20260529","brownian","signature","gpu","python","pathsig","Signature(full)","torch.Tensor","min","4.695148000337213","4.836505000184843","0.12241657006584916","[4.9937419998968835, 4.820625000320433, 4.695148000337213]","10"
"4b5d1753087a3312ce3bebd8ca125441a30c8335522f4f5974d4cf734f032aff","10000","4","3","256","20260529","brownian","sig_backprop","gpu","python","pathsig","Signature.backward(random_cotangent)","torch.Tensor","min","49.28730500023448","49.439651666640806","0.11273912961180463","[49.5565439996426, 49.47510600004534, 49.28730500023448]","272"
"7c31512805526fc1f227ce5b3e91d907daa611f1d94346f3afe542ac8bba9b2f","10000","8","2","256","20260529","brownian","sig_backprop","gpu","python","pathsig","Signature.backward(random_cotangent)","torch.Tensor","min","58.40355600003022","58.59340533334034","0.13820965733849172","[58.64807100033431, 58.728588999656495, 58.40355600003022]","272"
"173d178cfbffaf52e4e6362a5d0e3b946a8587706e7af211b716628da07504a6","10000","8","3","256","20260529","brownian","signature","gpu","python","pathsig","Signature(full)","torch.Tensor","min","26.05364200007898","26.06902466671575","0.013364853120052592","[26.05364200007898, 26.067204999890237, 26.08622700017804]","10"
"baa5996a479039457dff060a843f585e48229914b64bd9b80107ec9eb95148e5","10000","8","3","256","20260529","brownian","sig_backprop","gpu","python","pathsig","Signature.backward(random_cotangent)","torch.Tensor","min","157.0373589997871","159.73145133314878","3.5070442907638095","[164.6848030000001, 157.47219199965912, 157.0373589997871]","272"
"0f05f73b9e1a76268863b58a97afe192b447745a7c3448e3ec366a1b6b8117a8","10000","16","2","256","20260529","brownian","sig_backprop","gpu","python","pathsig","Signature.backward(random_cotangent)","torch.Tensor","min","122.98555999996097","123.53626766647115","0.390179044799245","[123.84162699981971, 122.98555999996097, 123.78161599963278]","272"
"b4d2b04c409e0c3d705690302f231d9f76630f1bdd738e9cf71c12bef1b806d3","10000","16","3","256","20260529","brownian","signature","gpu","python","pathsig","Signature(full)","torch.Tensor","min","175.0267399997938","175.28227866660018","0.18288812331067267","[175.44464699994933, 175.37544900005742, 175.0267399997938]","10"
"456d40f42e2c4eb2b9ad5e2d315274bd892697a65d4675dd0b9e13314441fb45","10000","16","3","256","20260529","brownian","sig_backprop","gpu","python","pathsig","Signature.backward(random_cotangent)","torch.Tensor","min","1434.6570490001795","1436.2175480000587","1.1036384272113449","[1436.9721299999583, 1434.6570490001795, 1437.0234650000384]","272"
"fdde81be21f0e74bbce6035f7ce6cd168fe9f7a6147859c4f18d8a1d74755bc2","10000","2","2","256","20260529","brownian","signature","gpu","python","pysiglib","signature","torch.Tensor","min","0.8172359957825392","0.8651643292978406","0.051556008579605676","[0.936711992835626, 0.8415449992753565, 0.8172359957825392]","10"
"289749743e219c6d7aa06c1fdc5425177dd302205663a5f5dd212a88a091384e","10000","2","2","256","20260529","brownian","sig_backprop","gpu","python","pysiglib","sig_backprop","torch.Tensor","min","0.9727600117912516","1.0757203369090955","0.08180972895535586","[1.1729019897757098, 1.081499009160325, 0.9727600117912516]","10"
"acd6f6c4a7dd411b457430c7d325b57f2570dd1c9ac615c98e732f8d4d8fcc2c","10000","2","3","256","20260529","brownian","signature","gpu","python","pysiglib","signature","torch.Tensor","min","1.2502019962994382","1.2865416647400707","0.03317006092497787","[1.3304010062711313, 1.2502019962994382, 1.2790219916496426]","10"
"3b3d99019f4eceeab329fa9162e5ed5dfba9c60774b77c79616c984ae90e8633","10000","2","3","256","20260529","brownian","sig_backprop","gpu","python","pysiglib","sig_backprop","torch.Tensor","min","2.2063070064177737","2.239979337900877","0.03043639243677062","[2.233595005236566, 2.2800360020482913, 2.2063070064177737]","10"
"dce3c9d29618f443dbdbfd1c6a75e191548b80ea0b6b225889fe78d156f28a35","10000","4","2","256","20260529","brownian","signature","gpu","python","pysiglib","signature","torch.Tensor","min","1.518885008408688","1.6757460058821987","0.12375883541798159","[1.8214100127806887, 1.6869429964572191, 1.518885008408688]","10"
"6cda6d0d5cf8c417bda6a529b1223c1b5971ffa034d8f669fe1583cc52377604","10000","4","2","256","20260529","brownian","sig_backprop","gpu","python","pysiglib","sig_backprop","torch.Tensor","min","1.9417209987295792","1.9714649970410392","0.023872237771940807","[1.9725059974007308, 1.9417209987295792, 2.0001679949928075]","10"
"ce4e99b5bfb054c83e259b450ba09d065fcb1e2ff5f67bf50766d5ab7fb7e0ed","10000","4","3","256","20260529","brownian","signature","gpu","python","pysiglib","signature","torch.Tensor","min","2.501809998648241","2.5618616685581705","0.042744093871551","[2.5978820049203932, 2.501809998648241, 2.585893002105877]","10"
"e1a980a4af30fe0654df36dd60371e728c86535cd025e131816b1df42300dad2","10000","4","3","256","20260529","brownian","sig_backprop","gpu","python","pysiglib","sig_backprop","torch.Tensor","min","13.703042000997812","13.85121366668803","0.11189103258500842","[13.97339599498082, 13.877203004085459, 13.703042000997812]","10"
"55a16da8f4141701f5038eefca1cf674f346c67d2b717c2e8e4385dac3fd828f","10000","8","2","256","20260529","brownian","signature","gpu","python","pysiglib","signature","torch.Tensor","min","3.4600570070324466","3.5398803350593275","0.0584073342558594","[3.4600570070324466, 3.561399003956467, 3.5981849941890687]","10"
"0155579888f8c907dad211035d62608a1ed96df06b67a88a08b9a82ffec26e96","10000","8","2","256","20260529","brownian","sig_backprop","gpu","python","pysiglib","sig_backprop","torch.Tensor","min","4.609301991877146","4.781151995606099","0.17048289612010098","[5.013525995309465, 4.720627999631688, 4.609301991877146]","10"
"b952fd2149c8fc2c61c647b48929f5f04825912ce44e0ed775fe1306611e1de3","10000","8","3","256","20260529","brownian","signature","gpu","python","pysiglib","signature","torch.Tensor","min","9.051722998265177","9.149808004925339","0.0735763427328028","[9.168772012344562, 9.051722998265177, 9.228929004166275]","10"
"28276aca1f22c11c62346a554fbf4775e592961ae42b885a7eda0f71b5932810","10000","8","3","256","20260529","brownian","sig_backprop","gpu","python","pysiglib","sig_backprop","torch.Tensor","min","49.610459987889044","49.73515999639252","0.1012785224192151","[49.73649000748992, 49.858529993798584, 49.610459987889044]","10"
"430eb427abda566b2508be6d99c526d894f79841792ef80e16545228bc74f429","10000","16","2","256","20260529","brownian","signature","gpu","python","pysiglib","signature","torch.Tensor","min","4.260094996425323","4.281624996413787","0.01642443531253806","[4.260094996425323, 4.29993899888359, 4.284840993932448]","10"
"ba503cb9104e57f81ae18eff07a833a13affb0724e7da7a4e41f5d30e9490f4c","10000","16","2","256","20260529","brownian","sig_backprop","gpu","python","pysiglib","sig_backprop","torch.Tensor","min","13.48334200156387","13.520431001476632","0.028813624203114587","[13.553591998061165, 13.524359004804865, 13.48334200156387]","10"
"cddd66696bbff11482ba566db2e6e548a1a0117e11e58c168ef318f0138c257e","10000","16","3","256","20260529","brownian","signature","gpu","python","pysiglib","signature","torch.Tensor","min","63.356364000355825","74.41165233710005","7.817437139571953","[80.00202600669581, 79.8765670042485, 63.356364000355825]","10"
"9bfd76d064c1bb33ec4a9ad867344d0b1494c575f95b76d901cbc25a34d2514e","10000","16","3","256","20260529","brownian","sig_backprop","gpu","python","pysiglib","sig_backprop","torch.Tensor","min","483.6854589957511","486.55289800080936","2.1477769020419055","[483.6854589957511, 488.85423700266983, 487.11899800400715]","10"
"fd1616cfad43447b7c3f014cccbeb589f7c6284fc27ad25311b5c420cff40e95","10000","2","2","256","20260529","brownian","signature","cpu","python","stochastax","compute_path_signature","jax.Array","min","22.628637999787315","24.367487666495435","1.254680876423142","[22.628637999787315, 24.93090999996639, 25.542914999732602]","90"
"10925918f7ea096d6356c001c4e115986b7bb8400a3f5157dc76d7c9162965ff","10000","2","2","256","20260529","brownian","sig_backprop","cpu","python","stochastax","vjp(compute_path_signature)","jax.Array","min","29.468130000168458","30.912852666763985","1.0317546318893578","[31.812298000204464, 29.468130000168458, 31.458129999919038]","90"
"bc6cf08a6c0af9aa1fd9f978814dd6f101f930832ffa693f871d113afc0efbde","10000","2","3","256","20260529","brownian","signature","cpu","python","stochastax","compute_path_signature","jax.Array","min","46.42511199972432","48.076056333229644","1.189717024284133","[46.42511199972432, 48.62058900016564, 49.18246799979897]","90"
"e43cc602f44b69c4bc190d284fd6df98bf4d5d6e1da8d5680fed5221c7ec0a82","10000","2","3","256","20260529","brownian","sig_backprop","cpu","python","stochastax","vjp(compute_path_signature)","jax.Array","min","54.71833699994022","56.28141633330112","1.9159274475226435","[58.9796600002046, 55.14625199975853, 54.71833699994022]","90"
"807cd5f58ae2ca16387903375c684bb41ff41c4da8343c69cc904cb11a89cb0a","10000","4","2","256","20260529","brownian","signature","cpu","python","stochastax","compute_path_signature","jax.Array","min","61.06818599982944","64.05588533319435","3.387148590148638","[62.30714299999818, 61.06818599982944, 68.79232699975546]","90"
"50b515c7342fd26f840686da191a912b7c912b1d44b34cf3b157a6138292066d","10000","4","2","256","20260529","brownian","sig_backprop","cpu","python","stochastax","vjp(compute_path_signature)","jax.Array","min","67.86800500003665","72.1508479999405","4.138081276277024","[67.86800500003665, 70.83850099979827, 77.74603799998658]","90"
"96f10cae40c062a23ba088ee733c24a9092fa105db6ced438004f2eb59af939e","10000","4","3","256","20260529","brownian","signature","cpu","python","stochastax","compute_path_signature","jax.Array","min","300.5463879999297","355.76130799987976","72.66145744228847","[308.31534999970245, 300.5463879999297, 458.42218600000706]","90"
"577917ee90faef1d9e949bdf4aa94758f5cd3a2e5e8b8c00484c554a46675556","10000","4","3","256","20260529","brownian","sig_backprop","cpu","python","stochastax","vjp(compute_path_signature)","jax.Array","min","307.39938299984715","321.43726999993305","10.467432349082635","[324.38755199973457, 332.52487500021743, 307.39938299984715]","90"
"6dd5e9c50b5c851ffb1aa639e2a598bab8a6838bfd09c634a355efb8431ce237","10000","8","2","256","20260529","brownian","signature","cpu","python","stochastax","compute_path_signature","jax.Array","min","271.53576999990037","279.0614829999261","5.341333127100566","[283.38780400008545, 271.53576999990037, 282.2608749997926]","90"
"52637298e6ad0ddec3193f2a45da48497abadf06895231578028b221bf4e44c3","10000","8","2","256","20260529","brownian","sig_backprop","cpu","python","stochastax","vjp(compute_path_signature)","jax.Array","min","256.65338899989365","260.5631073332309","4.8881660289295965","[267.455255999721, 257.58067700007814, 256.65338899989365]","90"
"020112deaaf2c08191f92b553e9a8fc1ee43df3b4e6d72a91710384eb3394b7d","10000","8","3","256","20260529","brownian","signature","cpu","python","stochastax","compute_path_signature","jax.Array","min","3426.9780949998676","8240.125434666576","3507.9075485615354","[11687.531736999972, 9605.866471999889, 3426.9780949998676]","90"
"128f20463b2ffbadb529d9fbd84ba91dcbe543e5b94eaef6a3054f7681984af3","10000","8","3","256","20260529","brownian","sig_backprop","cpu","python","stochastax","vjp(compute_path_signature)","jax.Array","min","2738.262264000241","2913.5661703335245","195.01200071322813","[3185.5979649999426, 2738.262264000241, 2816.83828200039]","90"
"7820fe618310b4b5ad41b83f252a0c00be3443967062835a23771a353a796f3f","10000","16","2","256","20260529","brownian","signature","cpu","python","stochastax","compute_path_signature","jax.Array","min","989.2030240002896","1049.676394333498","83.67577822847454","[1168.0021390002366, 989.2030240002896, 991.8240199999673]","90"
"c2ce54a8006fe57e21c33fb7208a5a837d42a02f86ba4e192435e76545116950","10000","16","2","256","20260529","brownian","sig_backprop","cpu","python","stochastax","vjp(compute_path_signature)","jax.Array","min","1115.5577849999645","1120.9377883333218","6.0879266977476","[1117.8066259999468, 1115.5577849999645, 1129.448954000054]","90"
"e7c314b586086182ceaf3adcd448a2e10c7ab18aa16b8f9b423bf735f63432d3","10000","2","2","256","20260529","brownian","signature","gpu","python","stochastax","compute_path_signature","jax.Array","min","1.2306149997129978","1.2835253332923457","0.037530310473197465","[1.313608000145905, 1.2306149997129978, 1.3063530000181345]","90"
"24060af19269ffd6b7a0fb1214b718b84648adedc46057bb1977824cf93cd76c","10000","2","2","256","20260529","brownian","sig_backprop","gpu","python","stochastax","vjp(compute_path_signature)","jax.Array","min","2.439097999740625","2.511120333110739","0.05561968002902931","[2.5745159996404254, 2.519746999951167, 2.439097999740625]","90"
"8428c1d73c4e96b060018196471c7bd3e49377d8426284481e65ce271cdc3489","10000","2","3","256","20260529","brownian","signature","gpu","python","stochastax","compute_path_signature","jax.Array","min","3.559698999652028","3.6734969999088207","0.08595091876142184","[3.767394000078639, 3.559698999652028, 3.6933979999957955]","90"
"1bd8952fa6c432c6b9da5c3286a413ed4f5f253da8801a3c821a0963799e0c2d","10000","2","3","256","20260529","brownian","sig_backprop","gpu","python","stochastax","vjp(compute_path_signature)","jax.Array","min","63.706249999995634","76.75363666658086","9.2259033652999","[83.29200099979062, 83.26265899995633, 63.706249999995634]","90"
"ed61f5328022e768d3135b525c204f23e8d38e97c162da8d2f970fdb24b27ae5","10000","4","2","256","20260529","brownian","signature","gpu","python","stochastax","compute_path_signature","jax.Array","min","2.4510239995834127","2.4803749999288507","0.03471267839725821","[2.5291289998676802, 2.4510239995834127, 2.4609720003354596]","90"
"aff7f7f54675b1b1579a7849b69526a2ce782cb9726e5870aadc10865f701465","10000","4","2","256","20260529","brownian","sig_backprop","gpu","python","stochastax","vjp(compute_path_signature)","jax.Array","min","24.0189740002279","24.682590666543547","0.4722369043207544","[25.07936999973026, 24.94942799967248, 24.0189740002279]","90"
"e311104529ab4de4c6cb15fa1fa7d4be108686e5b940f4e26aaddb71bbe381e2","10000","4","3","256","20260529","brownian","signature","gpu","python","stochastax","compute_path_signature","jax.Array","min","10.422242999993614","10.556584333244245","0.10056465908652044","[10.6641799998215, 10.422242999993614, 10.583329999917623]","90"
"84ef627002d2fc813dd25262a856ff109a51345a99f34a9e2d778a162aad85a9","10000","4","3","256","20260529","brownian","sig_backprop","gpu","python","stochastax","vjp(compute_path_signature)","jax.Array","min","17.243221000171616","17.606378666793415","0.2568701201487436","[17.795752999973047, 17.243221000171616, 17.780162000235578]","90"
"aae165673e80faefc2f48b059feee28583e2170de84f0f16d4530fe94653b2c0","10000","8","2","256","20260529","brownian","signature","gpu","python","stochastax","compute_path_signature","jax.Array","min","4.725266000150441","4.785568999977841","0.08347205414768719","[4.903606999960175, 4.725266000150441, 4.727833999822906]","90"
"eae699dd81b4eb6b7bd3e269bcaeea7cbe81cb4f3ec52674a392dcb0a3f8c85b","10000","8","2","256","20260529","brownian","sig_backprop","gpu","python","stochastax","vjp(compute_path_signature)","jax.Array","min","12.855188000230555","12.940431333542316","0.08846566586593156","[12.855188000230555, 12.903747000109433, 13.06235900028696]","90"
"a7d9773913e1525fccd523e9a00b0798055ea157f5f95cc331a3721fddbe7eb7","10000","8","3","256","20260529","brownian","signature","gpu","python","stochastax","compute_path_signature","jax.Array","min","32.78412700001354","32.99101966664845","0.14736815399783598","[32.78412700001354, 33.11620599970411, 33.0727260002277]","90"
"f74ff9d1c042000a13caff8a0c747d5aeea78205180cca32d00d35f8043253aa","10000","16","2","256","20260529","brownian","signature","gpu","python","stochastax","compute_path_signature","jax.Array","min","10.122841999873344","10.828391666715712","0.49969175521814174","[11.14670600009049, 11.215627000183304, 10.122841999873344]","90"
"61b8ba94c6e30f83b1a8542b41ab005ac0ca6f66297327133df5e7b3b8bf4125","10000","16","2","256","20260529","brownian","sig_backprop","gpu","python","stochastax","vjp(compute_path_signature)","jax.Array","min","32.475695999892196","32.84745499983425","0.3647237674168025","[32.72368699981598, 32.475695999892196, 33.342981999794574]","90"
"467f6558639d81db7ef0cbf0bd71977a70777f490f9221c8051f8497670fc28d","10000","2","2","256","20260529","brownian","signature","cpu","python","signax","signature(num_chunks=1)","jax.Array","min","17.230529000244132","18.382019999990007","1.5581969298562521","[17.230529000244132, 17.330646000118577, 20.58488499960731]","90"
"4517c456b68f869c4ab3a73625bab84eaa81470b48000ea9bf620db73a618880","10000","2","2","256","20260529","brownian","sig_backprop","cpu","python","signax","vjp(signature, num_chunks=1)","jax.Array","min","19.393665999814402","19.9775056667022","0.5675478135009018","[19.792440999935934, 19.393665999814402, 20.746410000356263]","90"
"ad03eb267c49dba3964106ef6bb7fc45990ec04c02d279808f4e316c8a6c585d","10000","2","3","256","20260529","brownian","signature","cpu","python","signax","signature(num_chunks=1)","jax.Array","min","44.73406500028432","47.8219936668817","3.611551038962097","[45.84268200005681, 52.889234000303986, 44.73406500028432]","90"
"b43e7de431e69a4bf79a3be15fee0faab9582a0fa325722b7f3db1ca1af6f2af","10000","2","3","256","20260529","brownian","sig_backprop","cpu","python","signax","vjp(signature, num_chunks=1)","jax.Array","min","70.60373800004527","74.43939600004039","3.723418983575498","[70.60373800004527, 73.23287400004119, 79.48157600003469]","90"
"33cf2310dd9426b5dc0293574dbd49c906606cb4a0674372f366a4d4cdf21224","10000","4","2","256","20260529","brownian","signature","cpu","python","signax","signature(num_chunks=1)","jax.Array","min","41.16491300010239","41.587452333260444","0.34108383040647416","[41.16491300010239, 41.597220999847195, 42.00022299983175]","90"
"8b0f25150ed5fc43ce20585819ffc87aa4428aa8ba7d27f50290514ef070ae6b","10000","4","2","256","20260529","brownian","sig_backprop","cpu","python","signax","vjp(signature, num_chunks=1)","jax.Array","min","32.37219099992217","34.88919400009157","1.7798201518473802","[36.16040700035228, 36.13498400000026, 32.37219099992217]","90"
"91ec4b034751fbad3e1b45b98b63fe240cd7e5d4540211a5ac4b5ffab6a9b8fa","10000","4","3","256","20260529","brownian","signature","cpu","python","signax","signature(num_chunks=1)","jax.Array","min","167.02748199986672","172.76921499994083","4.107460357669504","[167.02748199986672, 176.402460999725, 174.87770200023078]","90"
"b6f145b1be0fa236a61c1a946fa90caf8ae1b93500134ab3d7fb8bbcb256993f","10000","4","3","256","20260529","brownian","sig_backprop","cpu","python","signax","vjp(signature, num_chunks=1)","jax.Array","min","160.37328000038542","163.8949443334544","4.290549591949616","[160.37328000038542, 169.93498600004386, 161.37656699993386]","90"
"6c7f8f36d39fbc64b7a5837b2ded364480025ff32eb1487ecbbed60032129b76","10000","8","2","256","20260529","brownian","signature","cpu","python","signax","signature(num_chunks=1)","jax.Array","min","127.60156800004552","136.48226899992247","6.44648042427074","[142.70742400003655, 139.13781499968536, 127.60156800004552]","90"
"6c76ae09ea4321c752481ed3288ff81db8c55ce3237efb4629395eb33dae2b98","10000","8","2","256","20260529","brownian","sig_backprop","cpu","python","signax","vjp(signature, num_chunks=1)","jax.Array","min","79.08069699988118","85.21695466667249","4.339055901980664","[88.31450400020913, 88.25566299992715, 79.08069699988118]","90"
"cd20dbfee290877b97e80e49d9ac6db91a219512ee48e1de9e6f43c642f36bf3","10000","8","3","256","20260529","brownian","signature","cpu","python","signax","signature(num_chunks=1)","jax.Array","min","847.8091400002086","891.1685526668407","32.301958038812906","[900.3945150002437, 925.3020030000698, 847.8091400002086]","90"
"f68d1c1e250df9d7e3e94ce8355a4ff4b6fc51adf4d0a2fe9f3e7feec0ed307c","10000","8","3","256","20260529","brownian","sig_backprop","cpu","python","signax","vjp(signature, num_chunks=1)","jax.Array","min","881.3636919999226","954.6953313333688","54.44882429785027","[1011.7048160000195, 971.0174860001644, 881.3636919999226]","90"
"99ae1432f2353bc2f5fcde7fc401fb0489e9c532c6816d74ce2659eb40543b0a","10000","16","2","256","20260529","brownian","signature","cpu","python","signax","signature(num_chunks=1)","jax.Array","min","272.35011400034637","273.12784666658746","0.8859151226290825","[272.66605599970717, 272.35011400034637, 274.3673699997089]","90"
"2783d47811884defa39dbe6a7c9d7dd2f275591da6800c2f48931c7e04650532","10000","16","2","256","20260529","brownian","sig_backprop","cpu","python","signax","vjp(signature, num_chunks=1)","jax.Array","min","259.8615229999268","271.28881333343696","9.956732845056388","[259.8615229999268, 269.8773219999566, 284.1275950004274]","90"
"fa05dc6732012949d302b1deeea56bce9a2b89c5a59217433dc34f90a3dba5a8","10000","16","3","256","20260529","brownian","signature","cpu","python","signax","signature(num_chunks=1)","jax.Array","min","2661.1879279998902","2769.3299283332635","135.02357154302044","[2687.107024999932, 2661.1879279998902, 2959.6948319999683]","90"
"aff5940b960b372872ee0d91ba2c6b774fe84a29bb974b3f515bae242b40fc75","10000","2","2","256","20260529","brownian","signature","gpu","python","signax","signature(num_chunks=1)","jax.Array","min","178.73300700011896","183.13745566668635","4.032678214627665","[182.20210699973904, 188.47725300020102, 178.73300700011896]","90"
"5845f184f64ccf11d665654f6a38d34c491200412987ad7a2ae60a2c4842596b","10000","2","2","256","20260529","brownian","sig_backprop","gpu","python","signax","vjp(signature, num_chunks=1)","jax.Array","min","299.9838099999579","309.17860466661296","10.902610302016377","[303.057224999975, 299.9838099999579, 324.494778999906]","90"
"db1b983b46c78899a75ff8263a4667a1a208d0f0c58e53a51728772c7f8c3680","10000","2","3","256","20260529","brownian","signature","gpu","python","signax","signature(num_chunks=1)","jax.Array","min","279.30863500023406","302.47345566673783","19.641562747787162","[300.7807089998096, 327.3310230001698, 279.30863500023406]","90"
"d3cb67667e3ad8126fa62b9993b44f78d4007b0e11bf58fc517c2225212e0a9c","10000","2","3","256","20260529","brownian","sig_backprop","gpu","python","signax","vjp(signature, num_chunks=1)","jax.Array","min","93.86418700023569","113.1645830000707","14.82102002792112","[115.7355870000174, 93.86418700023569, 129.89397499995903]","90"
"225da9b18beb78a90881afad1be155ae6885a8a03f7ebc6d6ab84ff5062688b4","10000","4","2","256","20260529","brownian","signature","gpu","python","signax","signature(num_chunks=1)","jax.Array","min","204.54481300021143","210.91381033344683","5.540924073746975","[218.05174600012833, 210.14487200000076, 204.54481300021143]","90"
"c4e86920f0c933cab4cc62b4397f20d4754a1bd6ae6c5084fbe9bb574c968c4d","10000","4","2","256","20260529","brownian","sig_backprop","gpu","python","signax","vjp(signature, num_chunks=1)","jax.Array","min","284.73343599989676","311.4751913332536","23.862783232982792","[342.67322599998806, 307.01891199987585, 284.73343599989676]","90"
"bf88a2b4073bb95278ccee2e3da60601f7bea458114f3f055ebc933fbe68d8a9","10000","4","3","256","20260529","brownian","signature","gpu","python","signax","signature(num_chunks=1)","jax.Array","min","303.2250579999527","320.0964109999707","18.72727055457583","[310.8520400000998, 303.2250579999527, 346.2121349998597]","90"
"d0f7dfee90a0690a52caa077c48fe3a5224300829c16f34aa4a83344221931df","10000","4","3","256","20260529","brownian","sig_backprop","gpu","python","signax","vjp(signature, num_chunks=1)","jax.Array","min","90.35987000015666","107.26325066661957","15.980988721950665","[102.72283599988441, 90.35987000015666, 128.70704599981764]","90"
"62635e2ad0e57012d10bc73c501b62a285aa964911c1e33eb3b77aee1fe20074","10000","8","2","256","20260529","brownian","signature","gpu","python","signax","signature(num_chunks=1)","jax.Array","min","251.05388600013612","266.8767450001421","12.253381180362268","[268.6688710000453, 251.05388600013612, 280.90747800024474]","90"
"8ca270eae81d75c6ee7d492fe1f79dc42cac352c633798dc316e2d227b9ca4a4","10000","8","2","256","20260529","brownian","sig_backprop","gpu","python","signax","vjp(signature, num_chunks=1)","jax.Array","min","305.98738100025","333.2504186667696","20.130721372800874","[339.78165600001375, 353.982219000045, 305.98738100025]","90"
"6f4f5647fcc2ce66decf72aa33387dcae274b5b382cebf29f62368e580793574","10000","8","3","256","20260529","brownian","signature","gpu","python","signax","signature(num_chunks=1)","jax.Array","min","113.61620299976494","124.70522433325944","11.046680721249341","[113.61620299976494, 139.77963200022714, 120.71983799978625]","90"
"5cf2e997d26fc72960549f0f7fc14ebd5cdd595ff3ddf91d407e0aff5562ca92","10000","8","3","256","20260529","brownian","sig_backprop","gpu","python","signax","vjp(signature, num_chunks=1)","jax.Array","min","176.3568840001426","193.5130733331789","13.65048422272721","[194.4261529997675, 209.75618299962662, 176.3568840001426]","90"
"b2888539b92ab800d754bbd019e2bf683b7fbba096b1e0594d0878e6ec21b372","10000","16","2","256","20260529","brownian","signature","gpu","python","signax","signature(num_chunks=1)","jax.Array","min","269.8548630000914","337.5884293333608","59.2357162705805","[414.14511899984063, 269.8548630000914, 328.7653060001503]","90"
"e7513d0caef6d108b0118ef3901e90ca10ae7ad4134597011bb68346aa53f5e0","10000","16","2","256","20260529","brownian","sig_backprop","gpu","python","signax","vjp(signature, num_chunks=1)","jax.Array","min","249.06574799979353","270.3025026667092","17.84278646346282","[292.723326000214, 249.06574799979353, 269.11843400012003]","90"
"fe72843833e3f8662bbf6f7c00d5de12bc45d3ef83c72a7061728be52d491ef5","10000","16","3","256","20260529","brownian","signature","gpu","python","signax","signature(num_chunks=1)","jax.Array","min","120.14957199971832","141.01684733320022","16.411714503057237","[120.14957199971832, 160.2501540000958, 142.65081599978657]","90"
"eb6e321639fdd9bcc55f62b5c238376d2ebfeb07ffe6a3c6930d0aa1c80fc9a6","10000","2","2","256","20260529","brownian","signature","cpu","python","tensordev","path_signature","jax.Array","min","13.717089000238047","15.38581966694134","1.761629825925123","[14.618151000377111, 13.717089000238047, 17.82221900020886]","96"
"66ad155c7898c8c8263da5b3319183cefe1594ea22d8d48de1ec24b920e41ab5","10000","2","2","256","20260529","brownian","sig_backprop","cpu","python","tensordev","vjp(path_signature)","jax.Array","min","18.402140000034706","20.394609666709584","1.930061095619469","[23.0064720003611, 19.775216999732947, 18.402140000034706]","90"
"20383d6c798e3a52255d61b676e23b8a1162b71da639e62cfc01a37672c8e4b9","10000","2","3","256","20260529","brownian","signature","cpu","python","tensordev","path_signature","jax.Array","min","30.237344999932247","34.78995166672879","4.477395796888412","[33.25496400020711, 30.237344999932247, 40.877546000047005]","96"
"53f90010a8b446bee96328516ff9767a785999b9756c0a30e0d8f969b65cc2e0","10000","2","3","256","20260529","brownian","sig_backprop","cpu","python","tensordev","vjp(path_signature)","jax.Array","min","61.66138900016449","63.482927333249485","1.8807037591406137","[61.66138900016449, 66.07210899983329, 62.71528399975068]","90"
"e39bd30a7c331471a2b5ae71130ab8ac65a0d6d6223f918d7d7ce8accd841fce","10000","4","2","256","20260529","brownian","signature","cpu","python","tensordev","path_signature","jax.Array","min","55.94122799993784","56.50659233318341","0.7477559422946788","[56.01533599974573, 55.94122799993784, 57.563212999866664]","96"
"b6d7762906b2874eaba17c62bbcff1a1fb6950d11aa09a6616cdc6b5ff4fd2eb","10000","4","2","256","20260529","brownian","sig_backprop","cpu","python","tensordev","vjp(path_signature)","jax.Array","min","62.50797999973656","63.076764333194056","0.6320062276969208","[63.958241999898746, 62.76407099994685, 62.50797999973656]","90"
"d90c2926c736ae6f68c82354b27630465094a436d39dc6cd3e94e3ac507c49ff","10000","4","3","256","20260529","brownian","signature","cpu","python","tensordev","path_signature","jax.Array","min","276.84497600012037","286.4012016666493","7.2872869184194045","[276.84497600012037, 287.8377969996109, 294.5208320002166]","96"
"d2db99aa0650403801757ba8cf3ff09b5d8841c1fa64f6475656315327943524","10000","4","3","256","20260529","brownian","sig_backprop","cpu","python","tensordev","vjp(path_signature)","jax.Array","min","304.2807150000044","307.3033163332184","2.8135036279721684","[304.2807150000044, 306.5737209999497, 311.055512999701]","90"
"2d1ff981290e73534b279b313979ab81727fa452f549b4b498f070f2355bedf3","10000","8","2","256","20260529","brownian","signature","cpu","python","tensordev","path_signature","jax.Array","min","184.30037299958713","190.96071433311104","4.787985436243739","[195.34781299989845, 184.30037299958713, 193.23395699984758]","96"
"fae5d54ea6220f3b69b8ecfb87361c515d1b18a16ed784c205f6e4515f22ce85","10000","8","2","256","20260529","brownian","sig_backprop","cpu","python","tensordev","vjp(path_signature)","jax.Array","min","69.914904000143","76.69228700009019","5.328075081638588","[82.93279999998049, 77.2291570001471, 69.914904000143]","90"
"883745cf9e34bb8981ae539934c31b836c9e8534234784b87595ca218b1b05a1","10000","8","3","256","20260529","brownian","signature","cpu","python","tensordev","path_signature","jax.Array","min","1119.9997699995947","1146.63710266647","19.689467418969485","[1166.98087199984, 1152.9306659999747, 1119.9997699995947]","96"
"871541439fea1004167a40abc821182e59ee46b09cfc44d3bf3f54648abb9770","10000","8","3","256","20260529","brownian","sig_backprop","cpu","python","tensordev","vjp(path_signature)","jax.Array","min","375.3501010000946","387.17411233331705","10.34734883957214","[400.5524429999241, 375.3501010000946, 385.61979299993254]","90"
"6eb8ebe46b456ab1f32d8375618953868f6ac9644b9f4028e60b92f4f3a0cb11","10000","16","2","256","20260529","brownian","signature","cpu","python","tensordev","path_signature","jax.Array","min","414.3543499999396","416.8043409999882","1.8841693789148095","[417.12197800006834, 414.3543499999396, 418.93669499995667]","96"
"6b81a901713182b190367379f8c690534becf7032eb2b227f59a7d5141c26071","10000","16","2","256","20260529","brownian","sig_backprop","cpu","python","tensordev","vjp(path_signature)","jax.Array","min","162.77243500007899","170.757214000029","8.814699022214274","[162.77243500007899, 183.04001100023015, 166.45919599977788]","90"
"dd43a3ab9b96d924ccf2acdd0d6f2bce1c196131ddb812a4501ef8533adb4b20","10000","16","3","256","20260529","brownian","signature","cpu","python","tensordev","path_signature","jax.Array","min","4479.687822999949","4522.168064333376","30.317178700459603","[4538.381375999961, 4479.687822999949, 4548.434994000218]","96"
"dd76bd0e6931a2e406387933caca3f2266d7fd6abadc430ec20f0abfda630ae9","10000","16","3","256","20260529","brownian","sig_backprop","cpu","python","tensordev","vjp(path_signature)","jax.Array","min","2455.3600159997586","2487.256526999772","25.454535165222453","[2488.752810999813, 2455.3600159997586, 2517.656753999745]","90"
"7e6a4a2366d874b1196d464e610225d739ebe6edb5b64eac144ac15021ceef1b","10000","2","2","256","20260529","brownian","signature","gpu","python","tensordev","path_signature","jax.Array","min","182.56962300029045","220.11570933348898","47.685603953055995","[287.402603999908, 182.56962300029045, 190.37490100026844]","96"
"350653bef394f1c6cf144f73490ea54d6bb1258b1046c2150b05315371d9341d","10000","2","2","256","20260529","brownian","sig_backprop","gpu","python","tensordev","vjp(path_signature)","jax.Array","min","222.09700200028237","232.77512733329786","13.846119393079283","[223.8995579996299, 222.09700200028237, 252.3288219999813]","90"
"effe9040b0dd0cbd18eb8615d692cbbba049f51230ba1706493928c803dc7aca","10000","2","3","256","20260529","brownian","signature","gpu","python","tensordev","path_signature","jax.Array","min","222.25982500003738","234.2065506666889","12.015264216177226","[229.71537000012177, 222.25982500003738, 250.64445699990756]","96"
"0473f9311e17aaae560cfe681a63e1062c5e81633329cb696865543135f88b05","10000","2","3","256","20260529","brownian","sig_backprop","gpu","python","tensordev","vjp(path_signature)","jax.Array","min","108.17862800013245","110.01849366675742","1.7869269393834168","[112.43870399994194, 108.17862800013245, 109.43814900019788]","90"
"74caefeca5d4f34740e82d705781709fd196466be99b69104f0300d93d86f216","10000","4","2","256","20260529","brownian","signature","gpu","python","tensordev","path_signature","jax.Array","min","199.17178400010016","237.71878100008811","34.75410657722173","[283.40001800006576, 230.5845410000984, 199.17178400010016]","96"
"7eb2799e035cd99b931366fa6f37cb564a57113e51452d69f70b13cee55e2000","10000","4","2","256","20260529","brownian","sig_backprop","gpu","python","tensordev","vjp(path_signature)","jax.Array","min","260.3765750000093","277.44067599996924","22.41227592622968","[309.10446899997623, 260.3765750000093, 262.8409839999222]","90"
"b882f102315176f4731a5274575128d081351b038be9a1928a721b7675de78dd","10000","4","3","256","20260529","brownian","signature","gpu","python","tensordev","path_signature","jax.Array","min","258.81903800018335","263.57929833344923","4.31258463316246","[258.81903800018335, 269.2613250001159, 262.6575320000484]","96"
"62d995ab54a80adaa7a4e53cfd2b864c9a3ed251cb6fa09b576b9a3cc1790706","10000","4","3","256","20260529","brownian","sig_backprop","gpu","python","tensordev","vjp(path_signature)","jax.Array","min","91.0295240000778","112.23086366680946","15.016253423967987","[123.88471800022671, 121.77834900012385, 91.0295240000778]","90"
"9731cd3d84fba5c185e57f3d69929ecef9996b1f8f606aa9fe3ae03c147eca6c","10000","8","2","256","20260529","brownian","signature","gpu","python","tensordev","path_signature","jax.Array","min","172.26569500007827","182.7118859999549","11.56040786614289","[198.82637099999556, 177.0435919997908, 172.26569500007827]","96"
"c9e1e8a1ee51cefd8d213e047871b06ea975d4f96c644da673c5c3ccd31203e2","10000","8","2","256","20260529","brownian","sig_backprop","gpu","python","tensordev","vjp(path_signature)","jax.Array","min","252.01951799999733","281.79847733341984","31.399887570894343","[252.01951799999733, 325.2158310001505, 268.1600830001116]","90"
"5650c730f5c4385f3e4bedb64223f1579b068bb46fd5d7472dc01da98c6fe029","10000","8","3","256","20260529","brownian","signature","gpu","python","tensordev","path_signature","jax.Array","min","96.33592899990617","105.96046166665474","10.604620858634902","[120.7333130000734, 100.81214299998464, 96.33592899990617]","96"
"8077aa1470121782fb69724db3542d750b4fdc86c80256fb995cbb917667ef2c","10000","8","3","256","20260529","brownian","sig_backprop","gpu","python","tensordev","vjp(path_signature)","jax.Array","min","305.12847399995735","317.5123169999097","9.421970569430394","[327.96341899984327, 305.12847399995735, 319.4450579999284]","90"
"67b5cd07c886e09e9dbb3fa139793042dc05e621afc6654a9d48bb65d3ec3b9b","10000","16","2","256","20260529","brownian","signature","gpu","python","tensordev","path_signature","jax.Array","min","344.4836319999922","345.632528666556","0.9009663079244778","[346.6840910000428, 345.72986299963304, 344.4836319999922]","96"
"a15c88b3a9945646e60e6a5d0fae012bd60c052bab31a0bc94d3e199b38a276e","10000","16","2","256","20260529","brownian","sig_backprop","gpu","python","tensordev","vjp(path_signature)","jax.Array","min","241.1097780000091","264.31065433340945","16.430895605683467","[274.79261200005567, 277.0295730001635, 241.1097780000091]","90"
"f9d5711173ddd09bc751590d984fdb1b7cc51f313421e2240b6c5a2f27d4b04b","10000","16","3","256","20260529","brownian","signature","gpu","python","tensordev","path_signature","jax.Array","min","135.65372500033845","149.99651033349437","11.8031089097539","[164.56272899995383, 135.65372500033845, 149.77307700019082]","96"
"0b3aec048a04355c33a66695786268d412e807ce9fcd5bfe6ee0ad7ea2a93e99","10000","2","2","256","20260529","brownian","signature","cpu","python","keras_sig","jax_gpu_signature","jax.Array","min","19.116330000088055","20.40137033342641","0.9839169129919443","[20.581676000347215, 19.116330000088055, 21.506104999843956]","90"
"80c5f8ef30428c1ba89f0ab64a7e69b85eaceb5c968f9bcc0fb8c317d461f86a","10000","2","2","256","20260529","brownian","sig_backprop","cpu","python","keras_sig","vjp(jax_gpu_signature)","jax.Array","min","22.708324000177527","23.49603333338261","0.9125995572360276","[23.004510999726335, 22.708324000177527, 24.775265000243962]","90"
"6c1f2c98da7f03982235cb4969f919405ca0e0f27053262d66eef081ddca8a59","10000","2","3","256","20260529","brownian","signature","cpu","python","keras_sig","jax_gpu_signature","jax.Array","min","50.806884999929025","51.032516333179956","0.22831984125773624","[50.806884999929025, 51.34536399964418, 50.945299999966664]","90"
"ee295268b622726a236ddb76dd3a0f6d70b543ee160e043e6b0c47e6247fcb0b","10000","2","3","256","20260529","brownian","sig_backprop","cpu","python","keras_sig","vjp(jax_gpu_signature)","jax.Array","min","60.328256000047986","61.960685000030935","1.677717379811901","[60.328256000047986, 64.26803500016831, 61.28576399987651]","90"
"c499645456f0de00d48e6c997e85dcf78b41a5578228cef6e73cf2a017701b0a","10000","4","2","256","20260529","brownian","signature","cpu","python","keras_sig","jax_gpu_signature","jax.Array","min","68.139550000069","70.57943833327347","1.857899102603633","[68.139550000069, 70.95505300003424, 72.6437119997172]","90"
"1f79f745362d47a44cfa3ec6d50f3d11c769debdedba2a93408710803d8810eb","10000","4","2","256","20260529","brownian","sig_backprop","cpu","python","keras_sig","vjp(jax_gpu_signature)","jax.Array","min","70.8504429999266","72.20956766665647","1.5843022437383785","[71.34653299999627, 70.8504429999266, 74.43172700004652]","90"
"5296a7003c2629e1d0793716449d97035da3a66a855676bfe468dbd90d910b20","10000","4","3","256","20260529","brownian","signature","cpu","python","keras_sig","jax_gpu_signature","jax.Array","min","342.7710290002324","415.9010513333972","76.22717099769484","[383.8739910002005, 342.7710290002324, 521.0581339997589]","90"
"c1dbb44ecd6f5bd6222131cc8f560e93e6845b1d693b47c9c57d3f8c30d58110","10000","4","3","256","20260529","brownian","sig_backprop","cpu","python","keras_sig","vjp(jax_gpu_signature)","jax.Array","min","291.15586599982635","297.2765869999421","5.560313065937911","[304.6122490000016, 296.0616459999983, 291.15586599982635]","90"
"23714a18a9884bff86014ce2c9e591395a86313ee9b07ed6b1c50385c8f9c0ed","10000","8","2","256","20260529","brownian","signature","cpu","python","keras_sig","jax_gpu_signature","jax.Array","min","243.22889099994427","296.0890650000086","71.73521580810267","[247.53073100009715, 243.22889099994427, 397.5075729999844]","90"
"8ac6f20224931baaf30ef802f31cb9a3cfe54a7deef0a1e4efb38084ba808082","10000","8","2","256","20260529","brownian","sig_backprop","cpu","python","keras_sig","vjp(jax_gpu_signature)","jax.Array","min","244.80764500003716","257.7123246666512","17.719020840211897","[244.80764500003716, 245.5623129999367, 282.7670159999798]","90"
"bc00656b33ef3913d7e54b65ff3d92e9db1854ee7b5b4bd3f5c85131056fdbc3","10000","8","3","256","20260529","brownian","signature","cpu","python","keras_sig","jax_gpu_signature","jax.Array","min","2808.6149750001823","3053.43478466663","199.73173320040326","[2808.6149750001823, 3053.834060999634, 3297.8553180000745]","90"
"bc15a61312472acd7983145b592f4948bbc59a3cc5c14263aea702c48fe3748b","10000","8","3","256","20260529","brownian","sig_backprop","cpu","python","keras_sig","vjp(jax_gpu_signature)","jax.Array","min","3031.0183430001416","3537.4465273334863","456.4096441041092","[4137.233145000209, 3444.088094000108, 3031.0183430001416]","90"
"bb04ec6c00603dbae082ef0d3f5a5ed6c1743834574f54a78374a3300f2a7cca","10000","16","2","256","20260529","brownian","signature","cpu","python","keras_sig","jax_gpu_signature","jax.Array","min","1073.4715089997735","1148.3686779999214","104.17385766382255","[1295.6858180000381, 1075.9487069999523, 1073.4715089997735]","90"
"fa9cc562ddeebfd54b4d3f4c080c2a542d328dda1cfde7729dcce429c9bd64ca","10000","16","2","256","20260529","brownian","sig_backprop","cpu","python","keras_sig","vjp(jax_gpu_signature)","jax.Array","min","1257.3639550000735","1589.0102329999536","304.8088068811534","[1993.3090999998058, 1516.3576439999815, 1257.3639550000735]","90"
"c5aaa745990782f348e0311fdc243dc63a31a5f999e5c02c8dda3056b411f9a4","10000","2","2","256","20260529","brownian","signature","gpu","python","keras_sig","jax_gpu_signature","jax.Array","min","1.277940000363742","1.3126916668018869","0.03951609330528749","[1.367969000057201, 1.277940000363742, 1.292165999984718]","90"
"233480965dc70f5f6b8e193ff71416a4713d39c5819df70e4e3e05436213c3eb","10000","2","2","256","20260529","brownian","sig_backprop","gpu","python","keras_sig","vjp(jax_gpu_signature)","jax.Array","min","2.491017000465945","2.521065667072738","0.02537163900606235","[2.553072000409884, 2.491017000465945, 2.519108000342385]","90"
"dc5820fba1286c8f230830b782c4353f24e578f1fc6581e5890f87d043b32728","10000","2","3","256","20260529","brownian","signature","gpu","python","keras_sig","jax_gpu_signature","jax.Array","min","3.555680000317807","3.694749000108762","0.09878900347890258","[3.775848999794107, 3.7527180002143723, 3.555680000317807]","90"
"2d63b4d0b853edfa0bf9fd9660f180c17d601ee154405599ff3c7bc2aec667d4","10000","2","3","256","20260529","brownian","sig_backprop","gpu","python","keras_sig","vjp(jax_gpu_signature)","jax.Array","min","5.023202000302263","5.114323000270815","0.06940031426547914","[5.12830300067435, 5.1914639998358325, 5.023202000302263]","90"
"42686b499a0ec4bb44729fa7ac75422cfc21b4414daba014906568fc7edef5f8","10000","4","2","256","20260529","brownian","signature","gpu","python","keras_sig","jax_gpu_signature","jax.Array","min","4.780475000188744","4.820104333399892","0.028425932314046613","[4.780475000188744, 4.845765999561991, 4.834072000448941]","90"
"b3691cf579c7f90ba39b1c7173bd2125ff10851410e7e7afddb7db391dd2341b","10000","4","2","256","20260529","brownian","sig_backprop","gpu","python","keras_sig","vjp(jax_gpu_signature)","jax.Array","min","4.84816799962573","4.892970666332985","0.0496065096649248","[4.84816799962573, 4.8686199997973745, 4.9621239995758515]","90"
"ad9d5dbed08218bb885a45996b47cd4d6fcc74e118dcdc929952fa02d0413b64","10000","4","3","256","20260529","brownian","signature","gpu","python","keras_sig","jax_gpu_signature","jax.Array","min","11.689541999658104","11.904317333270834","0.2791132494955441","[11.724895000043034, 11.689541999658104, 12.298515000111365]","90"
"25656bfa22a796233037e43e973c690419a10c9e8ae09d1b8993aa0fdef10e49","10000","4","3","256","20260529","brownian","sig_backprop","gpu","python","keras_sig","vjp(jax_gpu_signature)","jax.Array","min","15.942871999868657","16.198014666467014","0.22845931925499968","[16.497245999744337, 15.942871999868657, 16.153925999788044]","90"
"1a13e9ef2af90e1f262955347c66ac858e5c6b6a480ddcc384ff3374e7257037","10000","8","2","256","20260529","brownian","signature","gpu","python","keras_sig","jax_gpu_signature","jax.Array","min","5.764018000263604","5.905529666354899","0.10448046157548073","[6.013096999595291, 5.939473999205802, 5.764018000263604]","90"
"1e567482eb5d35c529f9f7134deb0f81038f14287c1b88a31319284fb6090c33","10000","8","2","256","20260529","brownian","sig_backprop","gpu","python","keras_sig","vjp(jax_gpu_signature)","jax.Array","min","12.48016999943502","12.532418666523881","0.046905420027805865","[12.59393700001965, 12.523149000116973, 12.48016999943502]","90"
"cefb7ef501402a8e858c2e033734d3d6dab6cb09703faff3d08d7acf7ce41d9a","10000","8","3","256","20260529","brownian","signature","gpu","python","keras_sig","jax_gpu_signature","jax.Array","min","32.376449999901524","32.59783699983624","0.23688815571785551","[32.376449999901524, 32.926279999628605, 32.4907809999786]","90"
"3fae8fb661de9e595be81b22a57687eaff1e813e7822abc9a50b24ee6653f01c","10000","16","2","256","20260529","brownian","signature","gpu","python","keras_sig","jax_gpu_signature","jax.Array","min","10.193685000558617","10.384105667071708","0.17988874437441418","[10.62541500050429, 10.193685000558617, 10.333217000152217]","90"
"ef383f3886e59fc0c472a9b829d6e1220ba968fba066d55358dca09f1b8f194a","10000","16","2","256","20260529","brownian","sig_backprop","gpu","python","keras_sig","vjp(jax_gpu_signature)","jax.Array","min","33.510155999465496","33.810203332905076","0.2696420161528742","[34.164037999289576, 33.510155999465496, 33.756415999960154]","90"
"49a673d06c668c2399c6d2dc881ada6062fbed13f36ecd59c8a33e25ad4f8c07","10000","4","2","256","20260529","brownian","signature","gpu","python","pathsig","Signature(full)","torch.Tensor","min","2.87302600008843","2.937814000082047","0.04589621709865703","[2.9668050001419033, 2.87302600008843, 2.973611000015808]","10"
"bb853871d3f046d058e54b88b18515e55599bf08a267467d30a3eafeb1905eed","10000","8","2","256","20260529","brownian","signature","gpu","python","pathsig","Signature(full)","torch.Tensor","min","7.402441999147413","7.72070999967885","0.22511323071158482","[7.402441999147413, 7.873282000218751, 7.886405999670387]","10"
"a0224911974c69331485b5bd7931b20cdd39c74a8cf9903116722330418a9f31","10000","16","2","256","20260529","brownian","signature","gpu","python","pathsig","Signature(full)","torch.Tensor","min","16.76079699973343","16.811540999697172","0.03588168556154166","[16.837079999277194, 16.836746000080893, 16.76079699973343]","10"
"75d41f224ac9301cf7c369b771f94ec2086de9f3500789affe9685c634a72310","10000","2","2","256","20260529","brownian","signature","cpu","python","pysiglib","signature","numpy.ndarray","min","5.303554004058242","5.640961001821172","0.27984561107351275","[5.630533996736631, 5.303554004058242, 5.988795004668646]","780"
"5b56d11368ce9d6879f9d19101dcc8a05d94768ab9c6994387eb3c2f7442f2bc","10000","2","2","256","20260529","brownian","sig_backprop","cpu","python","pysiglib","sig_backprop","numpy.ndarray","min","12.874748994363472","13.704215666318001","0.6056435993888096","[13.93403000838589, 12.874748994363472, 14.303867996204644]","1798"
"7829359da4c0aa657d1a152a8ed1eb8df5fb4b5f6740f2aaef670811a55e7e17","10000","2","3","256","20260529","brownian","signature","cpu","python","pysiglib","signature","numpy.ndarray","min","7.927672006189823","9.13737500377465","1.5301435978618234","[11.296084005152807, 7.927672006189823, 8.188368999981321]","812"
"837f5d7d19a595fdbd65452c555f3f71335cdcb5dd221f574af018966c0d77d6","10000","2","3","256","20260529","brownian","sig_backprop","cpu","python","pysiglib","sig_backprop","numpy.ndarray","min","18.02541399956681","19.22338300209958","1.0524849428898195","[18.02541399956681, 20.58737700281199, 19.057358003919944]","1798"
"cc9e4474b86f89677cca4f7fa4866a1a9ac30e8fd01e6a8f8d99f452417fcf0f","10000","4","2","256","20260529","brownian","signature","cpu","python","pysiglib","signature","numpy.ndarray","min","10.047208998003043","10.287991327156002","0.20409086160316176","[10.27055099257268, 10.047208998003043, 10.546213990892284]","812"
"f0d66b9f090f6fac76ff902ce2503bd3b5a0abd4d3cafc8d1e8f5b63816479d1","10000","4","2","256","20260529","brownian","sig_backprop","cpu","python","pysiglib","sig_backprop","numpy.ndarray","min","26.307309002731927","27.01808633476806","0.5787079579344422","[26.307309002731927, 27.724831001251005, 27.022119000321254]","1798"
"00a01a400e950fc40cecbab0f0db61a4d11f6dcb5c72ffde3020c022a1547a5a","10000","4","3","256","20260529","brownian","signature","cpu","python","pysiglib","signature","numpy.ndarray","min","15.449014012119733","17.42039899788021","1.4685855903544185","[15.449014012119733, 18.972082994878292, 17.8400999866426]","812"
"29a29e85f3b44cd48e9d4abaf92455623eb156b174406c9433fa2dcd18e389ed","10000","4","3","256","20260529","brownian","sig_backprop","cpu","python","pysiglib","sig_backprop","numpy.ndarray","min","63.54172500141431","65.68532433205594","1.7126717119997268","[63.54172500141431, 65.78059800085612, 67.73364999389742]","1701"
"52ac208a8b0be0211100d42b7b1625931570b73dceb8c0156bab8f3c9eff38f6","10000","8","2","256","20260529","brownian","signature","cpu","python","pysiglib","signature","numpy.ndarray","min","23.942069004988298","25.28496500356899","1.3361327689845448","[27.10765099618584, 23.942069004988298, 24.80517500953283]","763"
"6338ae50a0a02cde29a790fcae4679f02e113bf8bec83cad1c22ee9eefabfa09","10000","8","2","256","20260529","brownian","sig_backprop","cpu","python","pysiglib","sig_backprop","numpy.ndarray","min","69.4896009954391","72.738565664622","2.4344142417283865","[73.37677699979395, 69.4896009954391, 75.34931899863295]","1682"
"7218995c9f05a5b896ae2ca8530142fd3367920d0cf1e981b2a49c3e50a73899","10000","8","3","256","20260529","brownian","signature","cpu","python","pysiglib","signature","numpy.ndarray","min","47.135296001215465","48.05495366357112","1.2655263350627846","[47.135296001215465, 47.18511799001135, 49.844446999486536]","812"
"614c839cb5a29eccf6fb925803d6fec40bf22b92ebdd7bcb282c840fe16a41ae","10000","8","3","256","20260529","brownian","sig_backprop","cpu","python","pysiglib","sig_backprop","numpy.ndarray","min","347.7792670018971","352.5649706668143","6.071214938369967","[361.13133499748074, 348.784310001065, 347.7792670018971]","1699"
"06ca294d65fff455b7adb2ef0b9c013b44f0487e9194aa45bf4a6df983fe66f4","10000","16","2","256","20260529","brownian","signature","cpu","python","pysiglib","signature","numpy.ndarray","min","38.36329600017052","40.29700933218313","1.506136253138085","[38.36329600017052, 42.03732199675869, 40.49040999962017]","796"
"9b5e186f8b46e5ad518cab1f0211cc45a2be47c837f1c1c6c22875828ebebb39","10000","16","2","256","20260529","brownian","sig_backprop","cpu","python","pysiglib","sig_backprop","numpy.ndarray","min","142.19294699432794","144.2260753295462","1.8002874746982804","[143.91548300045542, 142.19294699432794, 146.56979599385522]","1699"
"77812cdd6245ed112435a32657e6860aefb9d3903edb5429a84f1004ccec8576","10000","16","3","256","20260529","brownian","signature","cpu","python","pysiglib","signature","numpy.ndarray","min","143.0396030045813","147.97010966867674","4.426855288694924","[147.0942330051912, 143.0396030045813, 153.77649299625773]","764"
"0509d23514cdd71edcda0d8258bf1d6a492cae2ad4c3c4388f6b1f286b4231f8","10000","16","3","256","20260529","brownian","sig_backprop","cpu","python","pysiglib","sig_backprop","numpy.ndarray","min","1574.7610889957286","1582.6187243316479","6.007392977314583","[1583.749983998132, 1589.3451000010828, 1574.7610889957286]","1731"
